userId|genre
2|Drama
3|Drama
4|Sci-Fi
5|Comedy
8|Drama
10|Thriller
12|Comedy
13|Comedy
18|Comedy
26|Thriller
36|Drama
43|Drama
47|Drama
50|Adventure
51|Adventure
56|Action
57|Comedy
64|Drama
66|Comedy
67|Action
69|Thriller
73|Drama
75|Drama
77|Comedy
82|Drama
86|Comedy
90|Drama
93|Drama
95|Drama
96|Drama
98|Comedy
109|Drama
110|Drama
111|Action
112|Drama
120|Drama
125|Comedy
127|Thriller
130|Thriller
132|Drama
143|Comedy
147|Drama
152|Drama
158|Drama
160|Action
162|Children
163|Action
166|Drama
167|Drama
171|Drama
175|Drama
176|Comedy
186|Adventure
187|Comedy
188|Action
197|Drama
198|Comedy
200|Adventure
201|Drama
211|Drama
216|Drama
217|Action
221|Comedy
224|Thriller
226|Comedy
227|Drama
228|Drama
229|Comedy
230|Drama
233|Thriller
235|Drama
236|Comedy
242|Drama
243|Drama
249|Comedy
256|Drama
257|Thriller
259|Drama
261|Thriller
265|Adventure
279|Drama
285|Drama
292|Drama
296|Drama
297|Adventure
298|Thriller
301|Drama
302|Drama
304|Drama
312|Drama
318|Comedy
319|Drama
321|Action
323|Drama
325|Drama
329|Drama
339|Adventure
340|Adventure
341|Drama
350|Comedy
353|Adventure
354|Comedy
355|Comedy
358|Thriller
359|Comedy
360|Drama
364|Drama
368|Drama
369|Adventure
370|Action
371|Thriller
372|Adventure
373|Drama
379|Drama
380|Comedy
381|Drama
386|Thriller
392|Children
396|Drama
402|Comedy
405|Thriller
407|Drama
409|Action
411|Comedy
413|Drama
414|Drama
416|Comedy
421|Comedy
422|Drama
424|Adventure
426|Drama
428|Comedy
431|Drama
434|Drama
435|Drama
436|Action
437|Drama
439|Adventure
440|Comedy
446|Comedy
447|Drama
449|Adventure
459|Comedy
461|Drama
462|Drama
464|Adventure
468|Drama
469|Comedy
472|Drama
477|Action
484|Drama
494|Thriller
495|Drama
497|Adventure
501|Comedy
502|Drama
506|Adventure
508|Thriller
512|Adventure
513|Drama
515|Comedy
516|Comedy
519|Drama
521|Thriller
525|Drama
526|Thriller
527|Adventure
531|Adventure
537|Comedy
540|Drama
541|Drama
543|Comedy
548|Action
549|Comedy
551|Thriller
553|Comedy
559|Comedy
561|Comedy
567|Thriller
572|Action
573|Adventure
580|Comedy
581|Thriller
582|Comedy
589|Adventure
592|Comedy
593|Adventure
597|Comedy
598|Adventure
601|Drama
605|Drama
606|Comedy
607|Drama
609|Comedy
610|Drama
611|Comedy
613|Comedy
623|Drama
624|Drama
626|Drama
627|Drama
628|Comedy
630|Comedy
631|Action
634|Drama
636|Comedy
637|Comedy
638|Comedy
644|Comedy
646|Comedy
647|Adventure
649|Drama
653|Comedy
654|Thriller
658|Drama
663|Drama
664|Adventure
670|Romance
672|Drama
675|Comedy
676|Drama
680|Comedy
683|Comedy
686|Action
694|Comedy
695|Comedy
697|Comedy
700|Drama
702|Drama
705|Comedy
707|Action
709|Action
712|Children
714|Thriller
722|Comedy
723|Drama
726|Thriller
727|Comedy
728|Thriller
732|Drama
733|Comedy
736|Drama
738|Thriller
741|Drama
746|Drama
749|Thriller
752|Comedy
756|Drama
757|Drama
764|Action
765|Action
768|Drama
770|Thriller
772|Thriller
773|Drama
775|Drama
785|Drama
788|Thriller
791|Adventure
793|Sci-Fi
795|Adventure
796|Drama
798|Comedy
803|Comedy
805|Action
807|Thriller
809|Drama
811|Comedy
815|Thriller
818|Comedy
821|Comedy
828|Drama
830|Action
833|Drama
834|Thriller
835|Comedy
836|Drama
837|Thriller
838|Thriller
839|Adventure
840|Comedy
844|Drama
845|Romance
847|Drama
848|Romance
854|Comedy
856|Comedy
857|Thriller
858|Drama
859|Drama
860|Comedy
862|Drama
872|Action
875|Comedy
876|Action
877|Comedy
886|Drama
888|Drama
889|Comedy
891|Drama
892|Comedy
893|Comedy
894|Drama
896|Drama
901|Drama
904|Thriller
905|Adventure
907|Comedy
909|Thriller
910|Drama
911|Drama
914|Thriller
917|Comedy
919|Drama
922|Comedy
924|Action
926|Drama
927|Drama
935|Comedy
939|Drama
941|Adventure
942|Comedy
944|Comedy
947|Thriller
950|Drama
951|Drama
956|Crime
958|Drama
964|Comedy
966|Comedy
968|Comedy
969|Thriller
972|Children
976|Drama
979|Comedy
983|Drama
984|Comedy
986|Drama
995|Action
997|Action
1001|Children
1007|Drama
1009|Drama
1010|Drama
1012|Action
1013|Drama
1014|Drama
1015|Comedy
1016|Action
1020|Drama
1025|Drama
1026|Comedy
1033|Adventure
1036|Comedy
1038|Drama
1040|Thriller
1042|Drama
1046|Drama
1052|Action
1062|Thriller
1065|Comedy
1067|Comedy
1072|Crime
1076|Comedy
1078|Comedy
1079|Thriller
1089|Drama
1092|Drama
1095|Drama
1096|Animation
1101|Thriller
1106|Thriller
1107|Drama
1112|Thriller
1118|Comedy
1120|Comedy
1121|Drama
1123|Action
1126|Drama
1131|Drama
1132|Comedy
1133|Drama
1137|Action
1138|Comedy
1139|Thriller
1140|Comedy
1141|Drama
1143|Comedy
1146|Drama
1147|Drama
1150|Comedy
1156|Drama
1159|Comedy
1163|Comedy
1166|Action
1167|Drama
1168|Comedy
1169|Comedy
1171|Drama
1173|Action
1175|Thriller
1176|Drama
1177|Action
1178|Drama
1179|Drama
1180|Comedy
1185|Thriller
1187|Adventure
1192|Thriller
1196|Thriller
1198|Drama
1199|Drama
1200|Animation
1203|Comedy
1208|Comedy
1222|Drama
1228|Action
1229|Drama
1230|Comedy
1232|Adventure
1236|Comedy
1240|Drama
1242|Action
1244|Thriller
1245|Comedy
1253|Drama
1254|Action
1260|Drama
1265|Thriller
1268|Drama
1273|Comedy
1275|Sci-Fi
1279|Action
1283|Thriller
1290|Thriller
1295|Drama
1298|Drama
1303|Thriller
1304|Drama
1305|Drama
1306|Crime
1307|Thriller
1313|Drama
1317|Comedy
1320|Comedy
1323|Adventure
1328|Drama
1329|Comedy
1330|Children
1331|Comedy
1334|Comedy
1335|Drama
1336|Drama
1337|Drama
1338|Thriller
1339|Comedy
1340|Drama
1342|Drama
1343|Action
1344|Adventure
1347|Drama
1355|Thriller
1356|Drama
1359|Thriller
1361|Thriller
1365|Drama
1367|Thriller
1378|Comedy
1382|Action
1386|Comedy
1387|Comedy
1393|Comedy
1395|Adventure
1396|Drama
1397|Comedy
1398|Drama
1399|Comedy
1401|Drama
1402|Drama
1404|Comedy
1409|Action
1418|Comedy
1422|Thriller
1429|Action
1430|Comedy
1433|Action
1436|Drama
1437|Adventure
1445|Thriller
1446|Drama
1448|Drama
1452|Thriller
1453|Sci-Fi
1454|Drama
1456|Thriller
1463|Thriller
1468|Action
1470|Comedy
1475|Thriller
1476|Comedy
1477|Comedy
1478|Drama
1480|Comedy
1481|Drama
1482|Drama
1484|Thriller
1488|Thriller
1494|Drama
1496|Adventure
1498|Comedy
1502|Action
1503|Comedy
1510|Comedy
1524|Thriller
1525|Drama
1527|Drama
1528|Drama
1533|Drama
1535|Adventure
1536|Action
1537|Comedy
1540|Action
1541|Drama
1543|Comedy
1544|Thriller
1548|Adventure
1549|Drama
1551|Drama
1553|Drama
1555|Adventure
1557|Comedy
1558|Comedy
1560|Drama
1561|Adventure
1567|Thriller
1569|Comedy
1570|Drama
1573|Action
1578|Comedy
1583|Comedy
1585|Children
1586|Adventure
1589|Thriller
1592|Drama
1593|Drama
1595|Thriller
1600|Thriller
1601|Adventure
1603|Drama
1604|Comedy
1607|Comedy
1609|Comedy
1610|Comedy
1612|Comedy
1616|Drama
1622|Drama
1624|Comedy
1626|Comedy
1628|Drama
1632|Drama
1635|Comedy
1637|Drama
1638|Thriller
1639|Comedy
1643|Comedy
1644|Thriller
1645|Drama
1646|Comedy
1652|Thriller
1653|Drama
1654|Comedy
1661|Drama
1662|Adventure
1666|Drama
1672|Comedy
1676|Thriller
1678|Thriller
1679|Comedy
1681|Adventure
1684|Thriller
1686|Drama
1687|Thriller
1688|Drama
1693|Action
1696|Action
1699|Adventure
1704|Drama
1707|Drama
1709|Drama
1710|Thriller
1711|Comedy
1717|Drama
1720|Drama
1722|Drama
1727|Adventure
1729|Comedy
1732|Comedy
1739|Drama
1740|Drama
1742|Action
1743|Comedy
1745|Thriller
1746|Drama
1748|Drama
1752|Drama
1754|Comedy
1755|Animation
1757|Animation
1758|Action
1766|Adventure
1768|Thriller
1770|Comedy
1772|Action
1774|Thriller
1775|Drama
1777|Children
1778|Drama
1780|Adventure
1785|Thriller
1788|Action
1791|Drama
1792|Thriller
1796|Comedy
1803|Adventure
1805|Crime
1806|Adventure
1810|Thriller
1812|Drama
1814|Thriller
1822|Comedy
1824|Thriller
1827|Drama
1829|Comedy
1831|Comedy
1832|Drama
1833|Comedy
1837|Comedy
1838|Comedy
1840|Comedy
1842|Comedy
1844|Comedy
1845|Drama
1847|Comedy
1852|Drama
1855|Comedy
1857|Thriller
1862|Adventure
1865|Thriller
1866|Thriller
1867|Drama
1871|Comedy
1872|Thriller
1877|Animation
1881|Comedy
1883|Adventure
1887|Thriller
1889|Drama
1891|Drama
1894|Drama
1899|Comedy
1905|Comedy
1908|Drama
1909|Thriller
1911|Drama
1913|Comedy
1915|Drama
1920|Comedy
1922|Thriller
1923|Drama
1924|Drama
1928|Thriller
1934|Adventure
1935|Drama
1936|Comedy
1938|Comedy
1940|Drama
1944|Drama
1948|Drama
1949|Crime
1950|Comedy
1956|Drama
1959|Adventure
1973|Thriller
1975|Action
1977|Drama
1978|Action
1989|Drama
1995|Comedy
1996|Comedy
1997|Adventure
1998|Drama
2002|Comedy
2006|Adventure
2008|Adventure
2012|Drama
2013|Drama
2020|Drama
2021|Comedy
2023|Drama
2025|Comedy
2028|Drama
2032|Drama
2034|Drama
2036|Drama
2038|Comedy
2039|Thriller
2040|Romance
2046|Crime
2047|Thriller
2048|Drama
2054|Drama
2058|Comedy
2062|Comedy
2064|Drama
2067|Comedy
2071|Drama
2079|Drama
2082|Drama
2084|Comedy
2090|Drama
2092|Drama
2097|Comedy
2098|Comedy
2100|Drama
2101|Drama
2103|Thriller
2104|Drama
2105|Thriller
2106|Action
2107|Action
2108|Drama
2114|Thriller
2115|Drama
2122|Action
2125|Thriller
2128|Thriller
2129|Drama
2130|Comedy
2136|Adventure
2144|Drama
2149|Adventure
2150|Thriller
2151|Comedy
2152|Drama
2153|Comedy
2155|Comedy
2158|Action
2161|Comedy
2164|Comedy
2165|Thriller
2171|Thriller
2172|Drama
2173|Comedy
2174|Drama
2177|Drama
2186|Crime
2190|Action
2199|Drama
2200|Adventure
2201|Adventure
2204|Comedy
2206|Drama
2210|Drama
2211|Drama
2217|Drama
2218|Action
2219|Comedy
2222|Drama
2226|Drama
2228|Thriller
2229|Comedy
2231|Drama
2233|Drama
2234|Drama
2236|Adventure
2242|Drama
2243|Drama
2247|Drama
2250|Comedy
2251|Drama
2255|Drama
2260|Drama
2261|Drama
2262|Thriller
2266|Drama
2271|Drama
2277|Action
2279|Drama
2282|Drama
2284|Comedy
2287|Comedy
2294|Drama
2297|Drama
2304|Action
2310|Thriller
2314|Adventure
2315|Drama
2316|Action
2317|Drama
2332|Animation
2333|Drama
2334|Drama
2335|Drama
2340|Drama
2341|Comedy
2342|Comedy
2344|Comedy
2345|Comedy
2346|Drama
2347|Drama
2349|Drama
2353|Comedy
2358|Comedy
2362|Drama
2363|Drama
2364|Thriller
2369|Comedy
2374|Drama
2376|Thriller
2377|Drama
2378|Drama
2379|Comedy
2380|Drama
2385|Action
2389|Comedy
2390|Sci-Fi
2393|Action
2401|Drama
2402|Drama
2403|Comedy
2404|Comedy
2406|Children
2407|Thriller
2413|Romance
2419|Drama
2420|Comedy
2421|Adventure
2422|Drama
2424|Drama
2425|Thriller
2428|Thriller
2429|Drama
2431|Comedy
2441|Comedy
2443|Drama
2444|Comedy
2445|Animation
2446|Action
2449|Thriller
2451|Comedy
2454|Thriller
2457|Drama
2460|Comedy
2463|Drama
2464|Comedy
2467|Comedy
2469|Comedy
2473|Drama
2474|Comedy
2476|Thriller
2479|Action
2482|Comedy
2483|Drama
2488|Comedy
2492|Drama
2493|Drama
2495|Comedy
2496|Drama
2500|Children
2501|Adventure
2509|Drama
2515|Thriller
2517|Drama
2523|Drama
2525|Drama
2535|Comedy
2539|Thriller
2540|Comedy
2550|Drama
2554|Crime
2555|Action
2561|Children
2562|Drama
2564|Comedy
2565|Drama
2566|Adventure
2569|Action
2575|Thriller
2576|Action
2577|Romance
2581|Action
2582|Thriller
2586|Drama
2588|Adventure
2590|Drama
2591|Children
2592|Drama
2593|Drama
2594|Comedy
2598|Thriller
2601|Drama
2603|Comedy
2604|Comedy
2618|Drama
2620|Drama
2625|Comedy
2627|Thriller
2629|Comedy
2630|Drama
2636|Adventure
2638|Drama
2640|Drama
2646|Drama
2649|Drama
2653|Drama
2658|Drama
2660|Action
2662|Adventure
2663|Thriller
2669|Action
2671|Drama
2672|Children
2673|Comedy
2674|Thriller
2679|Action
2681|Comedy
2687|Drama
2704|Comedy
2709|Action
2713|Thriller
2714|Comedy
2715|Drama
2719|Comedy
2720|Children
2728|Drama
2729|Adventure
2735|Drama
2738|Thriller
2752|Thriller
2756|Adventure
2758|Comedy
2760|Adventure
2762|Adventure
2765|Comedy
2766|Drama
2767|Drama
2768|Thriller
2771|Comedy
2774|Action
2775|Drama
2778|Thriller
2780|Comedy
2783|Drama
2787|Drama
2788|Adventure
2789|Action
2793|Drama
2794|Action
2798|Children
2799|Action
2801|Comedy
2803|Drama
2806|Comedy
2807|Comedy
2808|Comedy
2809|Thriller
2811|Adventure
2820|Drama
2821|Drama
2827|Comedy
2834|Comedy
2836|Comedy
2838|Drama
2840|Adventure
2841|Comedy
2843|Comedy
2845|Comedy
2847|Thriller
2850|Comedy
2853|Action
2854|Drama
2855|Comedy
2856|Drama
2857|Comedy
2858|Action
2859|Comedy
2861|Comedy
2865|Drama
2870|Thriller
2872|Thriller
2874|Action
2878|Comedy
2883|Comedy
2887|Drama
2888|Drama
2894|Action
2900|Action
2901|Drama
2906|Comedy
2909|Drama
2913|Children
2915|Comedy
2916|Animation
2924|Comedy
2932|Comedy
2938|Drama
2946|Comedy
2947|Adventure
2951|Comedy
2953|Drama
2954|Drama
2960|Comedy
2962|Drama
2964|Drama
2965|Drama
2966|Comedy
2972|Adventure
2976|Comedy
2977|Drama
2980|Thriller
2981|Drama
2982|Drama
2987|Drama
2988|Action
2990|Comedy
2996|Adventure
3001|Drama
3002|Comedy
3009|Action
3010|Drama
3012|Fantasy
3014|Children
3015|Adventure
3016|Comedy
3021|Drama
3024|Comedy
3025|Thriller
3027|Comedy
3028|Comedy
3029|Comedy
3030|Thriller
3032|Drama
3033|Drama
3036|Comedy
3041|Comedy
3045|Comedy
3048|Drama
3053|Drama
3055|Comedy
3056|Drama
3062|Drama
3068|Comedy
3069|Adventure
3070|Comedy
3078|Drama
3080|Drama
3082|Thriller
3089|Animation
3092|Drama
3093|Romance
3099|Thriller
3102|Drama
3105|Drama
3107|Thriller
3108|Thriller
3111|Action
3112|Comedy
3113|Drama
3120|Drama
3121|Thriller
3123|Drama
3124|Drama
3125|Drama
3127|Comedy
3128|Drama
3131|Thriller
3137|Thriller
3143|Action
3146|Drama
3148|Drama
3150|Comedy
3154|Comedy
3159|Adventure
3162|Comedy
3164|Drama
3166|Drama
3169|Action
3175|Comedy
3180|Comedy
3182|Thriller
3186|Comedy
3190|Comedy
3194|Comedy
3204|Drama
3212|Drama
3214|Drama
3218|Action
3222|Comedy
3225|Drama
3226|Comedy
3238|Comedy
3239|Comedy
3243|Action
3247|Drama
3248|Drama
3250|Drama
3252|Drama
3253|Thriller
3256|Comedy
3257|Comedy
3259|Drama
3260|Comedy
3266|Drama
3267|Comedy
3270|Comedy
3272|Thriller
3274|Comedy
3279|Action
3283|Comedy
3285|Thriller
3287|Adventure
3290|Drama
3296|Drama
3297|Drama
3302|Thriller
3304|Action
3309|Romance
3311|Drama
3323|Children
3327|Comedy
3329|Thriller
3337|Comedy
3338|Drama
3339|Action
3341|Drama
3344|Comedy
3350|Comedy
3360|Comedy
3362|Drama
3363|Action
3367|Drama
3370|Drama
3373|Comedy
3376|Drama
3379|Thriller
3381|Crime
3382|Action
3389|Thriller
3394|Comedy
3396|Comedy
3397|Comedy
3403|Comedy
3406|Drama
3407|Action
3410|Adventure
3412|Comedy
3414|Thriller
3417|Drama
3418|Comedy
3419|Thriller
3420|Adventure
3423|Drama
3428|Comedy
3437|Adventure
3442|Comedy
3443|Action
3445|Drama
3447|Drama
3448|Thriller
3450|Drama
3452|Thriller
3462|Adventure
3463|Comedy
3464|Drama
3467|Comedy
3468|Thriller
3474|Comedy
3477|Thriller
3478|Comedy
3480|Drama
3482|Drama
3486|Action
3487|Drama
3491|Thriller
3497|Drama
3502|Drama
3503|Drama
3504|Drama
3505|Comedy
3507|Comedy
3508|Comedy
3511|Comedy
3516|Thriller
3517|Drama
3518|Children
3520|Drama
3522|Drama
3523|Adventure
3525|Drama
3532|Drama
3533|Action
3536|Adventure
3537|Action
3539|Drama
3544|Thriller
3545|Comedy
3548|Thriller
3550|Thriller
3551|Drama
3553|Drama
3554|Adventure
3557|Drama
3561|Drama
3562|Drama
3563|Drama
3567|Romance
3569|Comedy
3571|Drama
3573|Drama
3585|Adventure
3589|Comedy
3593|Thriller
3600|Comedy
3601|Thriller
3602|Drama
3604|Comedy
3607|Children
3609|Comedy
3612|Comedy
3616|Comedy
3619|Drama
3620|Comedy
3622|Comedy
3623|Drama
3624|Drama
3630|Drama
3637|Comedy
3640|Comedy
3641|Drama
3644|Drama
3648|Drama
3656|Thriller
3657|Children
3660|Comedy
3664|Drama
3665|Animation
3667|Adventure
3668|Action
3670|Adventure
3672|Drama
3676|Action
3679|Comedy
3680|Drama
3684|Adventure
3685|Adventure
3686|Drama
3690|Adventure
3693|Comedy
3696|Thriller
3702|Drama
3703|Drama
3704|Drama
3707|Thriller
3709|Comedy
3715|Drama
3716|Thriller
3717|Drama
3722|Comedy
3723|Thriller
3733|Comedy
3734|Comedy
3735|Thriller
3736|Comedy
3738|Action
3739|Action
3742|Drama
3743|Action
3746|Drama
3747|Action
3752|Adventure
3754|Drama
3755|Comedy
3756|Action
3757|Comedy
3758|Thriller
3760|Drama
3768|Comedy
3769|Thriller
3772|Thriller
3774|Comedy
3777|Children
3778|Comedy
3780|Comedy
3782|Thriller
3783|Drama
3786|Thriller
3787|Drama
3790|Thriller
3794|Thriller
3799|Comedy
3804|Drama
3805|Thriller
3806|Drama
3807|Comedy
3809|Adventure
3812|Action
3813|Comedy
3815|Comedy
3819|Adventure
3824|Drama
3828|Thriller
3830|Drama
3832|Drama
3833|Comedy
3834|Drama
3836|Thriller
3838|Action
3842|Thriller
3843|Thriller
3845|Comedy
3846|Drama
3849|Drama
3850|Action
3851|Drama
3854|Drama
3858|Drama
3861|Drama
3865|Adventure
3866|Drama
3867|Comedy
3868|Drama
3870|Comedy
3872|Adventure
3874|Drama
3880|Romance
3887|Animation
3889|Adventure
3891|Adventure
3892|Comedy
3897|Comedy
3900|Drama
3901|Thriller
3905|Drama
3908|Action
3910|Drama
3911|Comedy
3912|Thriller
3913|Drama
3917|Comedy
3921|Drama
3924|Drama
3929|Action
3930|Drama
3935|Drama
3937|Comedy
3938|Drama
3939|Thriller
3941|Thriller
3944|Comedy
3946|Drama
3948|Drama
3950|Comedy
3951|Drama
3956|Action
3959|Thriller
3963|Comedy
3965|Sci-Fi
3968|Comedy
3970|Drama
3971|Drama
3973|Thriller
3975|Romance
3976|Comedy
3988|Comedy
3989|Comedy
3992|Thriller
4001|Drama
4003|Thriller
4004|Drama
4005|Comedy
4006|Action
4008|Drama
4010|Drama
4015|Comedy
4016|Drama
4019|Drama
4020|Comedy
4021|Drama
4023|Drama
4024|Drama
4029|Drama
4030|Comedy
4031|Adventure
4033|Thriller
4038|Comedy
4044|Drama
4045|Comedy
4051|Comedy
4052|Action
4059|Adventure
4060|Comedy
4061|Drama
4062|Children
4067|Adventure
4071|Thriller
4076|Drama
4086|Comedy
4087|Adventure
4094|Drama
4095|Thriller
4096|Comedy
4098|Drama
4101|Adventure
4102|Thriller
4103|Comedy
4105|Drama
4111|Adventure
4115|Comedy
4116|Comedy
4122|Drama
4124|Action
4126|Drama
4127|Drama
4133|Adventure
4138|Adventure
4144|Sci-Fi
4145|Drama
4148|Drama
4149|Action
4153|Adventure
4156|Comedy
4159|Drama
4162|Comedy
4163|Thriller
4164|Comedy
4165|Thriller
4166|Drama
4167|Drama
4172|Adventure
4173|Adventure
4177|Adventure
4183|Action
4189|Action
4191|Adventure
4194|Comedy
4202|Comedy
4205|Comedy
4206|Drama
4210|Drama
4212|Action
4214|Thriller
4215|Action
4216|Action
4221|Thriller
4224|Drama
4226|Thriller
4230|Animation
4234|Drama
4235|Drama
4237|Comedy
4238|Comedy
4240|Drama
4243|Drama
4246|Thriller
4247|Action
4252|Comedy
4254|Adventure
4255|Drama
4260|Comedy
4266|Thriller
4268|Drama
4274|Comedy
4275|Action
4276|Drama
4277|Drama
4280|Drama
4282|Comedy
4299|Comedy
4310|Drama
4312|Comedy
4316|Comedy
4321|Drama
4323|Drama
4324|Comedy
4326|Comedy
4329|Drama
4330|Drama
4331|Adventure
4332|Crime
4334|Action
4335|Comedy
4336|Comedy
4346|Drama
4347|Comedy
4348|Adventure
4349|Crime
4353|Thriller
4354|Comedy
4355|Thriller
4359|Comedy
4360|Action
4361|Drama
4364|Drama
4371|Thriller
4375|Drama
4376|Comedy
4377|Comedy
4379|Comedy
4383|Drama
4385|Drama
4387|Comedy
4388|Comedy
4389|Action
4391|Action
4393|Drama
4394|Adventure
4395|Drama
4397|Adventure
4399|Crime
4401|Drama
4402|Drama
4405|Comedy
4410|Drama
4412|Adventure
4420|Action
4422|Adventure
4425|Comedy
4427|Comedy
4428|Drama
4429|Comedy
4430|Action
4431|Thriller
4435|Adventure
4436|Adventure
4440|Comedy
4441|Action
4442|Thriller
4446|Drama
4450|Action
4453|Animation
4457|Comedy
4458|Comedy
4459|Thriller
4466|Thriller
4467|Drama
4468|Romance
4472|Drama
4477|Comedy
4478|Adventure
4479|Action
4480|Crime
4481|Adventure
4483|Comedy
4484|Action
4487|Comedy
4491|Action
4493|Drama
4494|Drama
4496|Drama
4497|Drama
4501|Drama
4511|Drama
4519|Thriller
4520|Comedy
4532|Drama
4537|Comedy
4539|Drama
4548|Adventure
4554|Comedy
4556|Comedy
4558|Comedy
4563|Drama
4565|Comedy
4568|Drama
4570|Thriller
4574|Action
4575|Drama
4579|Drama
4580|Thriller
4581|Drama
4582|Drama
4586|Adventure
4587|Comedy
4590|Drama
4594|Drama
4596|Drama
4600|Thriller
4602|Drama
4603|Drama
4604|Drama
4605|Thriller
4615|Comedy
4616|Thriller
4620|Action
4623|Thriller
4625|Drama
4627|Comedy
4628|Comedy
4629|Comedy
4635|Comedy
4636|Comedy
4637|Drama
4638|Action
4642|Drama
4643|Adventure
4645|Children
4649|Comedy
4650|Drama
4651|Drama
4658|Drama
4659|Adventure
4661|Drama
4663|Comedy
4668|Action
4669|Drama
4670|Thriller
4671|Comedy
4675|Drama
4676|Drama
4683|Comedy
4686|Drama
4689|Drama
4691|Drama
4693|Comedy
4694|Adventure
4696|Drama
4698|Children
4699|Comedy
4709|Thriller
4710|Drama
4719|Drama
4721|Comedy
4722|Comedy
4726|Comedy
4727|Thriller
4729|Comedy
4730|Comedy
4733|Drama
4739|Crime
4741|Drama
4742|Action
4743|Crime
4748|Drama
4753|Drama
4755|Comedy
4762|Comedy
4763|Action
4765|Thriller
4769|Drama
4772|Thriller
4774|Thriller
4775|Drama
4778|Comedy
4779|Comedy
4780|Adventure
4781|Drama
4782|Comedy
4783|Drama
4792|Thriller
4794|Comedy
4795|Comedy
4796|Drama
4798|Drama
4800|Comedy
4801|Thriller
4804|Comedy
4811|Drama
4813|Drama
4815|Thriller
4820|Thriller
4822|Drama
4824|Drama
4825|Thriller
4828|Drama
4830|Thriller
4831|Children
4832|Comedy
4835|Comedy
4836|Thriller
4839|Thriller
4846|Comedy
4847|Adventure
4848|Comedy
4857|Drama
4861|Comedy
4864|Drama
4866|Thriller
4867|Children
4868|Drama
4869|Crime
4873|Drama
4883|Thriller
4884|Drama
4885|Adventure
4886|Comedy
4887|Drama
4891|Comedy
4893|Thriller
4894|Comedy
4896|Comedy
4901|Thriller
4902|Thriller
4904|Drama
4906|Thriller
4910|Action
4911|Comedy
4915|Thriller
4926|Thriller
4927|Adventure
4929|Children
4932|Action
4933|Thriller
4936|Comedy
4937|Adventure
4938|Drama
4939|Thriller
4944|Drama
4949|Thriller
4950|Adventure
4952|Comedy
4957|Drama
4960|Thriller
4965|Drama
4970|Comedy
4972|Drama
4973|Comedy
4975|Action
4977|Drama
4978|Thriller
4980|Comedy
4984|Adventure
4986|Comedy
4992|Drama
4993|Drama
4996|Drama
4997|Comedy
5000|Drama
5003|Drama
5004|Comedy
5012|Adventure
5014|Comedy
5015|Drama
5017|Thriller
5018|Comedy
5019|Drama
5023|Adventure
5026|Drama
5031|Adventure
5033|Drama
5036|Drama
5038|Children
5039|Adventure
5043|Drama
5045|Comedy
5050|Action
5051|Adventure
5052|Drama
5054|Adventure
5056|Comedy
5059|Adventure
5060|Drama
5063|Drama
5064|Drama
5068|Drama
5069|Comedy
5070|Crime
5072|Drama
5075|Drama
5077|Drama
5078|Comedy
5081|Drama
5082|Drama
5083|Comedy
5097|Drama
5098|Drama
5101|Comedy
5104|Romance
5105|Drama
5107|Drama
5108|Drama
5112|Drama
5113|Action
5114|Drama
5115|Comedy
5116|Comedy
5118|Thriller
5119|Drama
5121|Thriller
5126|Drama
5127|Drama
5133|Comedy
5135|Adventure
5136|Drama
5137|Comedy
5139|Drama
5144|Thriller
5146|Romance
5147|Comedy
5149|Comedy
5150|Thriller
5152|Drama
5153|Drama
5156|Comedy
5158|Comedy
5159|Thriller
5165|Action
5167|Drama
5168|Comedy
5169|Comedy
5170|Drama
5177|Drama
5179|Comedy
5182|Thriller
5183|Children
5187|Drama
5188|Drama
5189|Drama
5191|Action
5193|Drama
5201|Comedy
5202|Adventure
5208|Comedy
5209|Action
5211|Drama
5214|Drama
5215|Thriller
5221|Comedy
5224|Action
5225|Action
5227|Comedy
5230|Comedy
5232|Drama
5237|Action
5240|Drama
5242|Action
5244|Comedy
5245|Drama
5246|Drama
5247|Adventure
5253|Thriller
5254|Adventure
5259|Drama
5260|Drama
5264|Thriller
5266|Drama
5267|Thriller
5268|Comedy
5272|Adventure
5276|Drama
5277|Drama
5281|Comedy
5285|Thriller
5288|Drama
5298|Comedy
5305|Adventure
5306|Comedy
5312|Adventure
5317|Drama
5318|Thriller
5320|Adventure
5322|Drama
5324|Adventure
5326|Comedy
5328|Comedy
5329|Comedy
5334|Drama
5335|Thriller
5338|Comedy
5339|Comedy
5345|Comedy
5349|Comedy
5350|Comedy
5351|Drama
5352|Drama
5359|Comedy
5364|Adventure
5366|Comedy
5368|Drama
5370|Drama
5373|Children
5376|Comedy
5377|Drama
5388|Drama
5392|Comedy
5393|Drama
5394|Comedy
5397|Drama
5398|Comedy
5400|Drama
5402|Comedy
5403|Adventure
5404|Drama
5405|Action
5413|Drama
5417|Children
5419|Drama
5420|Drama
5424|Thriller
5426|Comedy
5427|Comedy
5438|Drama
5440|Children
5441|Drama
5446|Comedy
5448|Drama
5452|Thriller
5454|Action
5455|Comedy
5457|Thriller
5458|Drama
5460|Comedy
5463|Thriller
5464|Action
5465|Action
5468|Thriller
5470|Comedy
5473|Thriller
5477|Comedy
5478|Drama
5479|Comedy
5481|Action
5483|Thriller
5489|Drama
5491|Drama
5493|Comedy
5494|Thriller
5495|Drama
5496|Action
5497|Adventure
5503|Comedy
5511|Comedy
5513|Comedy
5514|Children
5519|Adventure
5523|Drama
5524|Comedy
5525|Drama
5526|Comedy
5531|Drama
5533|Romance
5535|Comedy
5536|Thriller
5541|Thriller
5546|Sci-Fi
5549|Drama
5558|Drama
5564|Thriller
5565|Adventure
5571|Adventure
5572|Drama
5578|Action
5590|Thriller
5591|Drama
5597|Comedy
5602|Comedy
5603|Comedy
5606|Drama
5608|Adventure
5615|Drama
5621|Children
5627|Thriller
5629|Comedy
5630|Children
5634|Thriller
5635|Comedy
5647|Comedy
5650|Comedy
5651|Adventure
5652|Comedy
5659|Drama
5660|Thriller
5666|Action
5667|Comedy
5675|Drama
5679|Comedy
5684|Comedy
5691|Comedy
5692|Children
5693|Drama
5694|Comedy
5701|Comedy
5703|Thriller
5705|Animation
5706|Drama
5707|Drama
5710|Adventure
5712|Action
5713|Thriller
5715|Drama
5717|Drama
5720|Thriller
5721|Thriller
5723|Adventure
5724|Comedy
5725|Crime
5727|Comedy
5730|Adventure
5735|Thriller
5736|Thriller
5739|Comedy
5742|Thriller
5743|Comedy
5744|Thriller
5745|Drama
5747|Action
5754|Drama
5755|Drama
5756|Comedy
5758|Drama
5759|Comedy
5760|Action
5762|Drama
5763|Thriller
5770|Comedy
5771|Crime
5781|Adventure
5783|Drama
5784|Action
5787|Drama
5792|Comedy
5799|Drama
5800|Thriller
5802|Drama
5803|Action
5807|Comedy
5810|Adventure
5812|Drama
5817|Drama
5820|Drama
5826|Comedy
5828|Comedy
5829|Drama
5834|Comedy
5837|Adventure
5838|Comedy
5842|Adventure
5844|Comedy
5845|Action
5854|Drama
5857|Comedy
5860|Drama
5863|Drama
5864|Comedy
5865|Drama
5872|Drama
5875|Drama
5881|Thriller
5882|Comedy
5883|Thriller
5884|Thriller
5885|Drama
5897|Action
5899|Comedy
5900|Drama
5902|Drama
5903|Thriller
5904|Adventure
5909|Drama
5910|Drama
5912|Children
5913|Comedy
5914|Thriller
5923|Comedy
5931|Comedy
5939|Thriller
5940|Adventure
5943|Thriller
5948|Drama
5955|Thriller
5956|Drama
5962|Thriller
5964|Drama
5966|Comedy
5967|Comedy
5968|Action
5972|Adventure
5974|Drama
5975|Drama
5976|Action
5979|Drama
5980|Drama
5989|Children
5990|Drama
5994|Thriller
5997|Action
5999|Comedy
6000|Comedy
6007|Comedy
6008|Thriller
6011|Drama
6013|Drama
6015|Action
6016|Action
6018|Drama
6021|Comedy
6025|Comedy
6026|Adventure
6029|Action
6031|Drama
6033|Comedy
6035|Drama
6036|Drama
6039|Drama
6042|Action
6050|Drama
6053|Drama
6055|Comedy
6058|Action
6061|Adventure
6063|Comedy
6064|Drama
6072|Drama
6077|Comedy
6079|Drama
6083|Children
6087|Thriller
6089|Drama
6090|Comedy
6092|Comedy
6098|Drama
6099|Action
6100|Comedy
6102|Comedy
6103|Thriller
6104|Children
6109|Adventure
6114|Romance
6115|Thriller
6118|Drama
6119|Thriller
6122|Comedy
6128|Comedy
6130|Action
6134|Drama
6135|Romance
6138|Thriller
6142|Comedy
6145|Thriller
6146|Crime
6147|Thriller
6152|Drama
6153|Thriller
6154|Drama
6156|Thriller
6157|Drama
6162|Comedy
6166|Comedy
6167|Drama
6168|Comedy
6170|Comedy
6173|Drama
6174|Comedy
6175|Comedy
6176|Drama
6180|Children
6184|Drama
6187|Adventure
6188|Drama
6190|Drama
6195|Adventure
6200|Drama
6203|Adventure
6205|Drama
6214|Thriller
6215|Thriller
6216|Comedy
6217|Comedy
6218|Drama
6219|Action
6221|Drama
6223|Drama
6224|Action
6227|Crime
6230|Drama
6234|Comedy
6236|Thriller
6237|Action
6243|Drama
6244|Drama
6247|Drama
6248|Comedy
6252|Comedy
6254|Comedy
6255|Adventure
6257|Adventure
6258|Drama
6261|Thriller
6266|Comedy
6271|Drama
6272|Thriller
6273|Drama
6274|Drama
6276|Thriller
6280|Drama
6283|Comedy
6285|Drama
6288|Adventure
6290|Drama
6294|Adventure
6296|Thriller
6297|Action
6303|Action
6305|Drama
6306|Drama
6309|Drama
6310|Drama
6312|Drama
6313|Drama
6318|Drama
6325|Comedy
6328|Drama
6330|Drama
6333|Comedy
6334|Comedy
6337|Thriller
6338|Action
6339|Adventure
6343|Adventure
6344|Comedy
6348|Thriller
6353|Comedy
6359|Drama
6361|Comedy
6362|Drama
6366|Thriller
6368|Comedy
6370|Adventure
6373|Comedy
6377|Comedy
6381|Action
6384|Comedy
6389|Comedy
6392|Comedy
6393|Comedy
6394|Drama
6398|Comedy
6402|Thriller
6403|Drama
6406|Adventure
6407|Action
6408|Adventure
6416|Comedy
6419|Drama
6422|Action
6423|Drama
6424|Comedy
6429|Comedy
6432|Drama
6439|Thriller
6440|Drama
6443|Comedy
6444|Thriller
6445|Comedy
6447|Children
6448|Drama
6452|Drama
6456|Thriller
6460|Drama
6462|Drama
6465|Children
6467|Thriller
6468|Action
6473|Drama
6479|Action
6481|Drama
6482|Drama
6483|Comedy
6485|Drama
6497|Drama
6500|Thriller
6505|Thriller
6506|Drama
6507|Drama
6512|Drama
6513|Thriller
6515|Thriller
6516|Drama
6519|Comedy
6522|Drama
6530|Thriller
6532|Comedy
6533|Drama
6534|Adventure
6536|Comedy
6540|Action
6543|Drama
6548|Adventure
6550|Thriller
6552|Romance
6554|Comedy
6555|Drama
6556|Thriller
6557|Drama
6558|Comedy
6568|Drama
6570|Comedy
6571|Comedy
6573|Crime
6575|Thriller
6576|Action
6578|Drama
6579|Comedy
6583|Action
6586|Comedy
6587|Thriller
6588|Drama
6590|Sci-Fi
6598|Drama
6600|Comedy
6603|Comedy
6604|Drama
6607|Adventure
6609|Thriller
6615|Drama
6616|Adventure
6618|Comedy
6619|Comedy
6623|Drama
6633|Comedy
6637|Drama
6638|Drama
6645|Drama
6648|Comedy
6652|Thriller
6655|Thriller
6656|Drama
6657|Action
6658|Comedy
6660|Children
6661|Drama
6664|Comedy
6665|Drama
6667|Comedy
6668|Action
6671|Thriller
6684|Comedy
6693|Drama
6694|Comedy
6697|Action
6701|Thriller
6702|Drama
6703|Romance
6705|Drama
6707|Children
6711|Children
6714|Comedy
6720|Adventure
6723|Comedy
6727|Drama
6728|Drama
6729|Comedy
6731|Comedy
6735|Thriller
6736|Drama
6740|Drama
6743|Thriller
6744|Action
6747|Comedy
6752|Thriller
6753|Comedy
6759|Drama
6760|Children
6761|Thriller
6763|Drama
6765|Thriller
6766|Adventure
6770|Drama
6773|Drama
6778|Adventure
6779|Drama
6783|Adventure
6785|Drama
6786|Drama
6791|Adventure
6793|Adventure
6796|Comedy
6797|Comedy
6800|Thriller
6803|Thriller
6807|Action
6810|Action
6812|Thriller
6814|Comedy
6815|Drama
6816|Drama
6824|Thriller
6826|Comedy
6827|Thriller
6829|Thriller
6831|Comedy
6832|Comedy
6833|Comedy
6836|Comedy
6839|Drama
6853|Drama
6856|Comedy
6857|Drama
6858|Adventure
6859|Thriller
6862|Drama
6867|Drama
6875|Comedy
6876|Comedy
6878|Comedy
6879|Adventure
6885|Comedy
6893|Drama
6896|Comedy
6897|Thriller
6905|Drama
6908|Comedy
6909|Comedy
6912|Crime
6913|Comedy
6915|Comedy
6916|Drama
6917|Comedy
6919|Comedy
6920|Thriller
6923|Comedy
6931|Adventure
6932|Drama
6936|Comedy
6944|Animation
6954|Comedy
6958|Comedy
6961|Comedy
6962|Drama
6963|Drama
6965|Drama
6968|Comedy
6969|Drama
6979|Adventure
6981|Comedy
6982|Action
6983|Adventure
6985|Children
6986|Drama
6989|Drama
6992|Drama
6993|Thriller
6995|Animation
6997|Thriller
7000|Comedy
7002|Comedy
7003|Thriller
7004|Drama
7006|Action
7007|Action
7011|Comedy
7012|Comedy
7013|Action
7014|Comedy
7016|Drama
7017|Comedy
7023|Action
7027|Thriller
7028|Action
7029|Comedy
7033|Comedy
7039|Drama
7040|Thriller
7041|Drama
7042|Thriller
7045|Drama
9|Drama
19|Drama
20|Action
35|Drama
61|Comedy
72|Drama
80|Thriller
89|Drama
122|Drama
155|Comedy
173|Adventure
179|Drama
185|Drama
214|Thriller
258|Action
278|Drama
309|Drama
313|Children
314|Adventure
333|Adventure
357|Drama
388|Comedy
395|Comedy
398|Drama
406|Children
418|Adventure
427|Drama
474|Thriller
481|Thriller
498|Drama
544|Drama
564|Action
565|Action
566|Comedy
578|Drama
640|Thriller
652|Drama
692|Action
703|Comedy
740|Thriller
781|Drama
817|Drama
822|Thriller
906|Adventure
970|Drama
985|Comedy
994|Comedy
1022|Thriller
1044|Action
1071|Comedy
1083|Drama
1091|Action
1114|Comedy
1122|Adventure
1142|Drama
1210|Drama
1233|Drama
1247|Drama
1274|Adventure
1278|Action
1286|Comedy
1300|Comedy
1351|Action
1352|Drama
1370|Action
1371|Adventure
1390|Comedy
1391|Drama
1411|Drama
1413|Fantasy
1438|Comedy
1469|Drama
1483|Adventure
1486|Drama
1499|Comedy
1513|Comedy
1520|Adventure
1572|Comedy
1575|Action
1579|Comedy
1613|Action
1636|Comedy
1663|Action
1677|Thriller
1680|Adventure
1724|Action
1731|Adventure
1779|Drama
1781|Drama
1795|Comedy
1799|Thriller
1801|Drama
1820|Thriller
1843|Drama
1864|Drama
1870|Action
1873|Comedy
1906|Action
1907|Fantasy
1925|Drama
1930|Action
1962|Comedy
1974|Thriller
1979|Drama
1991|Drama
2003|Drama
2004|Drama
2010|Action
2053|Thriller
2069|Adventure
2116|Action
2132|Drama
2134|Drama
2145|Action
2223|Thriller
2274|Adventure
2298|Comedy
2350|Comedy
2359|Thriller
2368|Drama
2418|Action
2426|Drama
2438|Action
2453|Comedy
2466|Drama
2468|Children
2498|Children
2524|Action
2536|Drama
2556|Comedy
2616|Comedy
2619|Action
2650|Comedy
2652|Romance
2686|Drama
2688|Drama
2700|Thriller
2718|Drama
2740|Comedy
2769|Thriller
2785|Drama
2810|Romance
2867|Drama
2933|Thriller
2958|Thriller
2970|Comedy
3007|Action
3013|Action
3026|Thriller
3046|Action
3047|Drama
3049|Thriller
3063|Drama
3094|Adventure
3095|Drama
3100|Comedy
3103|Comedy
3132|Drama
3135|Drama
3144|Adventure
3171|Drama
3174|Adventure
3197|Adventure
3221|Action
3231|Adventure
3263|Comedy
3271|Thriller
3275|Comedy
3276|Drama
3288|Comedy
3295|Drama
3307|Drama
3348|Comedy
3352|Comedy
3369|Drama
3374|Adventure
3392|Action
3400|Action
3441|Drama
3453|Drama
3456|Comedy
3531|Drama
3543|Adventure
3574|Drama
3578|Crime
3621|Action
3710|Comedy
3712|Drama
3720|Drama
3797|Comedy
3798|Drama
3803|Drama
3811|Adventure
3840|Comedy
3852|Thriller
3879|Comedy
3916|Thriller
3918|Drama
3925|Drama
3936|Adventure
3954|Comedy
3960|Comedy
3986|Drama
4057|Comedy
4100|Drama
4176|Thriller
4196|Comedy
4203|Comedy
4220|Action
4223|Adventure
4245|Comedy
4250|Comedy
4286|Drama
4296|Comedy
4340|Drama
4350|Drama
4369|Adventure
4372|Action
4390|Drama
4433|Comedy
4447|Action
4470|Action
4482|Adventure
4492|Adventure
4522|Drama
4524|Drama
4528|Adventure
4529|Action
4531|Drama
4534|Drama
4553|Comedy
4573|Thriller
4585|Drama
4589|Drama
4593|Action
4601|Thriller
4608|Comedy
4609|Drama
4632|Thriller
4646|Drama
4754|Thriller
4758|Thriller
4759|Adventure
4760|Comedy
4761|Romance
4773|Action
4776|Fantasy
4833|Drama
4840|Comedy
4843|Comedy
4858|Drama
4859|Thriller
4860|Action
4898|Drama
4922|Children
4924|Drama
4959|Drama
4961|Drama
4968|Drama
5037|Drama
5080|Children
5099|Children
5109|Comedy
5110|Adventure
5128|Drama
5172|Drama
5176|Thriller
5192|Action
5195|Drama
5196|Drama
5198|Comedy
5213|Thriller
5219|Action
5250|Comedy
5256|Action
5273|Drama
5283|Thriller
5299|Drama
5300|Comedy
5348|Musical
5374|Drama
5385|Drama
5423|Drama
5425|Adventure
5462|Drama
5469|Drama
5577|Thriller
5588|Thriller
5593|Action
5594|Action
5605|Children
5670|Thriller
5688|Drama
5699|Comedy
5722|Thriller
5731|Comedy
5741|Action
5753|Comedy
5768|Drama
5780|Action
5805|Action
5813|Action
5814|Drama
5853|Action
5855|Drama
5867|Comedy
5870|Comedy
5880|Adventure
5893|Comedy
5906|Adventure
5958|Drama
5971|Comedy
5993|Thriller
6066|Drama
6067|Drama
6085|Adventure
6094|Thriller
6139|Comedy
6149|Adventure
6179|Drama
6233|Children
6245|Comedy
6251|Adventure
6268|Comedy
6278|Drama
6279|Action
6281|Adventure
6311|Fantasy
6326|Comedy
6335|Action
6382|Drama
6427|Drama
6435|Comedy
6455|Drama
6495|Comedy
6510|Comedy
6517|Sci-Fi
6538|Comedy
6546|Fantasy
6553|Comedy
6560|Drama
6561|Adventure
6563|Thriller
6580|Adventure
6582|Adventure
6653|Thriller
6659|Drama
6662|Thriller
6669|Drama
6677|Drama
6678|Thriller
6679|Drama
6680|Comedy
6689|Drama
6699|Drama
6700|Action
6724|Drama
6745|Thriller
6805|Drama
6847|Comedy
6849|Action
6861|Drama
6873|Drama
6894|Drama
6911|Drama
6964|Drama
6966|Drama
6970|Thriller
6978|Drama
7036|Action
23|Drama
48|Thriller
58|Comedy
105|Drama
156|Drama
161|Comedy
210|Romance
213|Drama
215|Romance
343|Drama
400|Romance
433|Drama
455|Comedy
463|Thriller
588|Comedy
685|Thriller
760|Romance
771|Drama
823|Drama
864|Comedy
902|Drama
934|Thriller
998|Comedy
1110|Drama
1113|Comedy
1117|Comedy
1157|Drama
1215|Drama
1243|Comedy
1261|Drama
1368|Comedy
1521|Drama
1526|Comedy
1529|Comedy
1565|Comedy
1625|Romance
1670|Comedy
1698|Drama
1714|Drama
1807|Thriller
1823|Drama
1853|Drama
1854|Drama
1969|Comedy
2033|Romance
2035|Drama
2051|Comedy
2080|Drama
2086|Comedy
2093|Comedy
2118|Comedy
2213|Drama
2256|Comedy
2383|Drama
2450|Comedy
2682|Drama
2711|Comedy
2731|Comedy
2732|Action
2790|Comedy
2805|Thriller
2934|Comedy
2940|Thriller
3004|Comedy
3052|Action
3066|Drama
3133|Drama
3142|Drama
3255|Drama
3298|Thriller
3335|Thriller
3358|Comedy
3421|Comedy
3438|Action
3446|Comedy
3530|Drama
3534|Comedy
3541|Drama
3615|Thriller
3646|Comedy
3649|Drama
3773|Action
3808|Comedy
3871|Romance
3980|Comedy
4009|Drama
4056|Comedy
4078|Drama
4079|Comedy
4121|Drama
4185|Comedy
4204|Drama
4261|Comedy
4270|Drama
4271|Drama
4328|Drama
4559|Drama
4561|Drama
4606|Drama
4612|Comedy
4647|Drama
4679|Comedy
4771|Comedy
4819|Thriller
4823|Drama
4851|Comedy
4854|Comedy
4889|Comedy
4909|Drama
4921|Action
4999|Comedy
5238|Thriller
5278|Comedy
5303|Comedy
5340|Drama
5343|Drama
5347|Comedy
5367|Drama
5475|Action
5529|Drama
5556|Drama
5567|Action
5728|Comedy
5832|Drama
5969|Comedy
6062|Thriller
6199|Action
6228|Drama
6259|Action
6376|Thriller
6390|Romance
6509|Romance
6567|Comedy
6577|Drama
6593|Drama
6640|Drama
6690|Drama
6789|Romance
6843|Thriller
6863|Thriller
6881|Comedy
141|Drama
528|Drama
1050|Comedy
1184|Drama
1213|Drama
1405|Drama
2791|Drama
3705|Drama
3847|Drama
3895|Drama
4738|Drama
4803|Drama
5308|Drama
5835|Drama
6012|Drama
6196|Drama
6213|Drama
6301|Drama
6405|Drama
6518|Drama
6991|Drama
100|Drama
106|Drama
119|Comedy
137|Drama
169|Comedy
291|Drama
452|Comedy
570|Comedy
625|Drama
645|Drama
718|Comedy
897|Comedy
920|Drama
937|Action
1002|Comedy
1082|Comedy
1104|Action
1182|Drama
1297|Comedy
1487|Children
1634|Action
1657|Comedy
1690|Comedy
1703|Drama
1730|Thriller
1753|Comedy
1849|Comedy
1914|Drama
1952|Drama
2110|Drama
2176|Drama
2286|Children
2361|Comedy
2375|Comedy
2400|Comedy
2416|Drama
2529|Action
2614|Comedy
2770|Drama
3145|Thriller
3213|Comedy
3258|Comedy
3434|Drama
3528|Romance
3631|Thriller
3653|Drama
3748|Drama
3886|Drama
3974|Comedy
4026|Thriller
4032|Drama
4132|Comedy
4248|Comedy
4269|Comedy
4325|Drama
4392|Drama
4438|Comedy
4454|Comedy
4455|Comedy
4510|Comedy
4930|Comedy
4981|Comedy
5071|Drama
5239|Drama
5530|Drama
5655|Action
5991|Drama
6020|Drama
6037|Drama
6178|Comedy
6357|Romance
6404|Action
6594|Comedy
6674|Action
6784|Comedy
6792|Comedy
6822|Comedy
41|Action
97|Action
103|Thriller
116|Action
124|Drama
133|Drama
142|Thriller
177|Action
181|Thriller
231|Drama
255|Drama
262|Thriller
272|Crime
284|Thriller
288|Crime
322|Thriller
331|Drama
352|Thriller
383|Thriller
390|Drama
420|Crime
442|Thriller
450|Drama
480|Drama
514|Thriller
545|Drama
587|Thriller
591|Action
620|Action
641|Thriller
648|Drama
665|Action
671|Thriller
677|Drama
706|Drama
724|Drama
731|Drama
754|Comedy
767|Comedy
789|Action
794|Crime
801|Drama
820|Thriller
846|Drama
853|Action
861|Thriller
895|Action
925|Drama
945|Thriller
948|Drama
960|Action
992|Drama
999|Thriller
1005|Action
1048|Drama
1069|Thriller
1129|Action
1197|Drama
1214|Drama
1216|Crime
1219|Drama
1220|Thriller
1238|Drama
1259|Drama
1277|Thriller
1309|Crime
1311|Action
1327|Crime
1362|Drama
1428|Drama
1442|Thriller
1479|Drama
1492|Drama
1552|Thriller
1559|Drama
1606|Comedy
1751|Drama
1765|Thriller
1947|Drama
1955|Crime
1958|Action
1963|Crime
1970|Thriller
1972|Thriller
2022|Crime
2026|Thriller
2044|Action
2075|Drama
2091|Drama
2095|Thriller
2102|Action
2137|Drama
2188|Drama
2246|Drama
2263|Action
2291|Drama
2330|Action
2388|Drama
2397|Thriller
2408|Drama
2409|Crime
2414|Action
2448|Action
2456|Romance
2544|Thriller
2545|Drama
2547|Thriller
2642|Action
2685|Drama
2701|Drama
2727|Thriller
2737|Drama
2747|Thriller
2754|Drama
2782|Drama
2813|Thriller
2866|Drama
2871|Action
2937|Drama
2974|Drama
3057|Thriller
3083|Thriller
3098|Crime
3158|Thriller
3176|Drama
3188|Action
3191|Action
3206|Thriller
3208|Thriller
3232|Crime
3273|Drama
3281|Action
3308|Action
3347|Drama
3368|Thriller
3391|Drama
3473|Drama
3490|Drama
3509|Action
3512|Drama
3542|Comedy
3588|Drama
3591|Action
3596|Action
3629|Drama
3650|Romance
3727|Comedy
3728|Thriller
3759|Thriller
3775|Comedy
3779|Drama
3814|Drama
3831|Drama
3841|Crime
3875|Thriller
3877|Thriller
3888|Action
3957|Action
4011|Drama
4013|Thriller
4053|Drama
4074|Action
4081|Drama
4088|Crime
4092|Crime
4097|Crime
4106|Crime
4110|Thriller
4152|Drama
4169|Thriller
4179|Thriller
4180|Drama
4222|Action
4231|Adventure
4241|Crime
4257|Drama
4279|Thriller
4313|Drama
4322|Comedy
4358|Drama
4421|Action
4456|Drama
4543|Drama
4572|Crime
4598|Drama
4631|Drama
4682|Drama
4687|Drama
4711|Drama
4767|Crime
4785|Thriller
4786|Thriller
4802|Thriller
4807|Drama
4808|Drama
4821|Drama
4841|Drama
4900|Thriller
4918|Drama
4931|Drama
4956|Drama
4982|Thriller
4998|Drama
5016|Drama
5027|Drama
5034|Crime
5040|Thriller
5057|Thriller
5074|Thriller
5079|Action
5095|Drama
5111|Thriller
5131|Drama
5180|Drama
5181|Crime
5251|Drama
5255|Thriller
5270|Drama
5274|Action
5275|Action
5296|Thriller
5307|Drama
5321|Drama
5333|Action
5346|Drama
5436|Drama
5450|Comedy
5501|Action
5520|Drama
5553|Thriller
5601|Action
5638|Action
5642|Drama
5658|Crime
5690|Action
5714|Thriller
5734|Action
5774|Drama
5779|Drama
5782|Action
5847|Thriller
5848|Action
5850|Thriller
5859|Thriller
5890|Thriller
5915|Comedy
5950|Drama
5970|Action
5981|Drama
5983|Drama
6038|Drama
6065|Drama
6116|Comedy
6120|Crime
6127|Drama
6185|Action
6225|Thriller
6256|Thriller
6374|Crime
6386|Drama
6430|Action
6446|Action
6451|Drama
6472|Crime
6511|Action
6524|Drama
6612|Thriller
6681|Drama
6688|Action
6706|Thriller
6721|Action
6751|Drama
6764|Action
6771|Drama
6811|Thriller
6825|Action
6828|Thriller
6889|Thriller
6892|Drama
6898|Thriller
6907|Drama
6937|Crime
6949|Thriller
6950|Action
6984|Drama
6988|Thriller
6996|Thriller
7010|Thriller
7015|Action
7030|Crime
54|Comedy
85|Comedy
134|Action
251|Romance
443|Comedy
453|Comedy
576|Action
769|Comedy
1094|Comedy
1262|Comedy
1284|Action
1301|Romance
1308|Romance
1325|Comedy
1403|Drama
1414|Sci-Fi
1574|Crime
1744|Comedy
1900|Comedy
2068|Drama
2215|Comedy
2391|Drama
2455|Comedy
2777|Drama
2781|Comedy
2922|Comedy
2969|Drama
3129|Comedy
3689|Comedy
3695|Comedy
3730|Action
3859|Drama
3862|Comedy
3933|Drama
4063|Romance
4233|Comedy
4242|Romance
4498|Comedy
4540|Comedy
4583|Romance
4784|Comedy
5035|Drama
5055|Drama
5148|Comedy
5205|Drama
5217|Drama
5222|Romance
5258|Drama
5371|Comedy
5537|Romance
5598|Action
5905|Drama
5936|Drama
5973|Drama
5978|Drama
6107|Drama
6148|Romance
6239|Drama
6351|Comedy
6372|Drama
6434|Drama
6491|Drama
6549|Thriller
6722|Action
6840|Drama
6871|Comedy
6977|Romance
7020|Comedy
930|Adventure
1631|Comedy
4718|Drama
135|Action
523|Drama
1597|Comedy
2651|Drama
3470|Crime
4083|Action
4418|Comedy
5928|Thriller
7|Drama
31|Drama
70|Thriller
74|Adventure
94|Thriller
104|Thriller
123|Action
136|Drama
140|Action
168|Action
205|Thriller
250|Action
268|Action
269|Adventure
311|Thriller
315|Thriller
328|Action
330|Drama
344|Thriller
363|Thriller
366|Drama
387|Action
404|Thriller
430|Drama
438|Action
445|Thriller
482|Drama
518|Comedy
520|Drama
552|Thriller
594|Action
608|Thriller
673|Thriller
688|Thriller
693|Action
696|Drama
748|Drama
778|Thriller
779|Action
842|Comedy
882|Drama
900|Drama
912|Action
931|Action
957|Drama
1034|Thriller
1041|Action
1061|Drama
1084|Action
1225|Action
1237|Thriller
1264|Action
1291|Thriller
1322|Action
1333|Drama
1379|Action
1385|Thriller
1425|Drama
1449|Adventure
1450|Adventure
1467|Comedy
1515|Adventure
1519|Action
1546|Thriller
1563|Drama
1581|Action
1599|Drama
1602|Action
1617|Thriller
1642|Drama
1659|Action
1762|Drama
1809|Action
1910|Action
1946|Romance
1961|Comedy
1999|Comedy
2081|Thriller
2109|Action
2140|Action
2142|Action
2202|Drama
2225|Action
2292|Thriller
2296|Thriller
2499|Comedy
2514|Drama
2522|Thriller
2531|Thriller
2551|Thriller
2552|Drama
2595|Action
2607|Drama
2612|Thriller
2615|Drama
2631|Action
2644|Comedy
2668|Thriller
2694|Drama
2707|Drama
2741|Thriller
2895|Comedy
2898|Adventure
2905|Action
2957|Thriller
3042|Action
3061|Drama
3114|Thriller
3161|Action
3170|Thriller
3173|Action
3207|Drama
3224|Comedy
3236|Drama
3249|Action
3268|Thriller
3278|Action
3322|Thriller
3346|Thriller
3408|Comedy
3439|Action
3460|Action
3466|Action
3494|Comedy
3521|Adventure
3556|Drama
3560|Thriller
3576|Action
3594|Thriller
3599|Action
3605|Thriller
3636|Comedy
3699|Thriller
3701|Thriller
3711|Thriller
3749|Drama
3776|Comedy
3796|Drama
3820|Thriller
3829|Drama
3860|Thriller
3923|Thriller
3932|Action
4012|Adventure
4036|Comedy
4047|Action
4090|Drama
4093|Action
4107|Action
4123|Drama
4158|Action
4181|Thriller
4229|Drama
4284|Thriller
4304|Thriller
4308|Action
4338|Action
4419|Drama
4439|Drama
4463|Thriller
4465|Drama
4488|Action
4489|Thriller
4512|Thriller
4515|Thriller
4521|Action
4545|Action
4547|Drama
4552|Drama
4562|Comedy
4569|Thriller
4571|Drama
4595|Comedy
4665|Drama
4678|Thriller
4703|Drama
4731|Thriller
4752|Comedy
4787|Action
4805|Action
4816|Drama
4827|Action
4834|Drama
4958|Comedy
4962|Action
4990|Thriller
5092|Drama
5145|Thriller
5154|Thriller
5157|Drama
5161|Thriller
5164|Action
5166|Action
5203|Action
5233|Action
5248|Action
5290|Thriller
5316|Drama
5353|Drama
5369|Comedy
5411|Thriller
5437|Action
5451|Drama
5498|Thriller
5505|Comedy
5568|Thriller
5610|Thriller
5626|Thriller
5689|Action
5733|Drama
5738|Drama
5748|Thriller
5772|Thriller
5775|Drama
5815|Thriller
5822|Drama
5861|Thriller
5916|Drama
5920|Adventure
5929|Action
5959|Thriller
5977|Thriller
6002|Drama
6014|Adventure
6040|Action
6047|Thriller
6070|Comedy
6086|Drama
6123|Action
6131|Comedy
6141|Action
6161|Thriller
6194|Drama
6260|Thriller
6324|Drama
6363|Thriller
6371|Thriller
6420|Action
6450|Action
6504|Action
6514|Drama
6528|Action
6551|Comedy
6613|Action
6634|Action
6675|Comedy
6710|Thriller
6715|Action
6738|Action
6801|Comedy
6802|Action
6813|Adventure
6848|Comedy
6852|Action
6870|Thriller
6929|Thriller
6945|Drama
6974|Thriller
102|Drama
131|Drama
165|Drama
183|Comedy
190|Drama
206|Drama
244|Comedy
535|Drama
599|Drama
617|Drama
666|Comedy
708|Drama
734|Drama
751|Comedy
776|Drama
786|Drama
849|Action
866|Drama
938|Drama
982|Drama
1030|Drama
1064|Comedy
1102|Drama
1189|Drama
1280|Drama
1292|Comedy
1407|Comedy
1497|Drama
1675|Drama
1692|Drama
1718|Comedy
1749|Adventure
1875|Drama
2007|Drama
2253|Drama
2265|Comedy
2269|Drama
2323|Drama
2326|Drama
2465|Romance
2472|Romance
2487|Comedy
2490|Comedy
2558|Drama
2637|Drama
2710|Drama
2734|Drama
2763|Drama
2881|Comedy
2914|Drama
2921|Drama
2989|Drama
3315|Comedy
3353|Drama
3404|Drama
3440|Comedy
3627|Drama
3673|Drama
3714|Thriller
3726|Comedy
3740|Comedy
3827|Drama
3943|Drama
4017|Drama
4050|Drama
4319|Drama
4414|Comedy
4424|Drama
4533|Drama
4707|Drama
5030|Drama
5134|Comedy
5229|Drama
5361|Drama
5408|Drama
5476|Drama
5550|Drama
5585|Comedy
5604|Drama
5607|Comedy
5618|Comedy
5661|Drama
5685|Drama
5764|Drama
5773|Comedy
5824|Drama
5942|Drama
6106|Thriller
6112|Drama
6295|Comedy
6302|Drama
6308|Drama
6319|Comedy
6469|Drama
6498|Drama
6503|Drama
6531|Drama
6535|Comedy
6574|Drama
6589|Drama
6842|Comedy
6947|Comedy
674|Comedy
955|Drama
1028|Thriller
1324|Horror
1582|Comedy
1892|Drama
2733|Comedy
2829|Action
2897|Horror
4368|Crime
4474|Horror
5048|Children
5383|Comedy
5919|Drama
6164|Crime
6682|Horror
6884|Thriller
393|Children
575|Comedy
1312|Comedy
1957|Thriller
3355|Animation
4256|Drama
5613|Children
6364|Adventure
6525|Drama
139|Drama
1532|Drama
1564|Drama
1759|Drama
2009|Drama
2019|Drama
2072|Action
2677|Drama
2852|Drama
3040|Drama
3331|Drama
3393|Thriller
3997|Drama
5878|Drama
5879|Drama
6620|Comedy
6808|Drama
3483|Action
5103|Drama
6019|Action
6948|Thriller
25|Drama
174|Drama
240|Action
310|Crime
345|Drama
351|Drama
374|Comedy
457|Thriller
458|Comedy
466|Drama
489|Drama
511|Drama
678|Drama
787|Drama
832|Drama
871|Thriller
918|Comedy
967|Thriller
971|Drama
1004|Drama
1024|Thriller
1032|Drama
1053|Drama
1144|Drama
1160|Drama
1188|Action
1223|Drama
1234|Action
1281|Drama
1289|Thriller
1319|Thriller
1421|Drama
1444|Drama
1474|Drama
1614|Drama
1619|Drama
1691|Thriller
1702|Thriller
1790|Drama
1869|Drama
1886|Drama
1904|Drama
1987|Drama
2014|Drama
2166|Crime
2230|Drama
2366|Drama
2415|Drama
2475|Crime
2480|Drama
2645|Drama
2692|Drama
2716|Drama
2722|Drama
2739|Action
2797|Drama
2818|Action
2879|Drama
2917|Drama
2920|Drama
2923|Drama
2926|Thriller
2948|Drama
2950|Crime
2952|Comedy
2985|Drama
3018|Drama
3115|Drama
3155|Comedy
3178|Drama
3223|Thriller
3245|Drama
3326|Action
3384|Drama
3386|Action
3398|Action
3411|Drama
3415|Action
3444|Crime
3540|Drama
3581|Comedy
3592|Drama
3642|Action
3800|Crime
4014|Drama
4028|Drama
4035|Drama
4064|Drama
4065|Crime
4129|Drama
4139|Crime
4317|Thriller
4449|Drama
4495|Drama
4592|Thriller
4680|Drama
4737|Sci-Fi
4882|Drama
4976|Drama
5084|Drama
5269|Thriller
5327|Drama
5362|Comedy
5449|Drama
5466|Comedy
5482|Drama
5557|Drama
5729|Drama
5785|Comedy
5790|Drama
5804|Thriller
5852|Drama
5889|Crime
6017|Action
6044|Thriller
6076|Drama
6091|Drama
6206|Drama
6476|Crime
6489|Drama
6493|Drama
6496|Thriller
6501|Drama
6670|Drama
6717|Drama
6821|Crime
6967|Drama
6971|Comedy
7035|Drama
107|Drama
117|Romance
232|Drama
270|Action
280|Drama
324|Drama
417|Drama
568|Drama
590|Romance
600|Drama
766|Drama
797|Drama
863|Drama
881|Drama
899|Drama
959|Drama
1103|Drama
1164|Comedy
1257|Drama
1263|Drama
1318|Drama
1346|Drama
1358|Drama
1392|Drama
1420|Drama
1500|Drama
1655|Drama
1716|Drama
1721|Drama
1738|Drama
1919|Drama
1939|Drama
2076|Drama
2207|Drama
2275|Drama
2324|Drama
2381|Romance
2410|Thriller
2481|Drama
2527|Romance
2543|Drama
2621|Drama
2654|Adventure
2691|Sci-Fi
2703|Action
2745|Drama
2830|Drama
2862|Drama
3038|Drama
3074|Drama
3077|Drama
3116|Comedy
3147|Drama
3375|Drama
3390|Drama
3425|Drama
3583|Drama
3587|Drama
3597|Drama
3682|Drama
3683|Romance
3745|Drama
3801|Comedy
3835|Drama
3856|Drama
3884|Drama
3885|Romance
3990|Drama
4135|Drama
4147|Drama
4197|Drama
4201|Action
4211|Drama
4232|Drama
4239|Drama
4301|Drama
4352|Romance
4367|Drama
4423|Drama
4502|Drama
4526|Drama
4622|Drama
4640|Drama
4660|Drama
4717|Drama
4777|Drama
4838|Romance
4874|Thriller
4953|Drama
4983|Drama
5024|Drama
5204|Comedy
5302|Drama
5372|Comedy
5447|Comedy
5467|Drama
5576|Comedy
5644|Drama
5796|Drama
5818|Drama
6068|Comedy
6160|Drama
6181|Drama
6211|Drama
6354|Comedy
6358|Drama
6391|Drama
6470|Drama
6492|Drama
6499|Drama
6712|Comedy
6719|Drama
6838|Romance
6855|Drama
6888|Drama
6938|Drama
6973|Drama
715|Comedy
1075|Drama
1366|Comedy
1374|Drama
1384|Comedy
2430|Drama
2520|Comedy
3264|Drama
3526|Thriller
3677|Action
3817|Thriller
3934|Comedy
4236|Crime
4345|Action
4516|Drama
4989|Comedy
5543|Comedy
5554|Drama
5622|Comedy
6316|Drama
6477|Comedy
6636|Drama
6880|Drama
32|Thriller
49|Comedy
114|Comedy
118|Drama
148|Drama
199|Comedy
222|Comedy
267|Drama
532|Comedy
533|Comedy
539|Comedy
574|Comedy
583|Comedy
616|Comedy
643|Action
851|Comedy
915|Action
962|Comedy
1205|Drama
1239|Action
1271|Drama
1293|Comedy
1416|Comedy
1441|Comedy
1508|Drama
1633|Comedy
1685|Comedy
1695|Comedy
1769|Drama
1929|Comedy
1953|Comedy
1982|Comedy
1985|Comedy
2045|Drama
2073|Comedy
2112|Comedy
2192|Sci-Fi
2270|Comedy
2331|Thriller
2356|Comedy
2516|Comedy
2572|Drama
2632|Action
2817|Comedy
2851|Sci-Fi
2885|Action
2978|Drama
2995|Comedy
3043|Action
3227|Drama
3241|Action
3351|Comedy
3429|Thriller
3472|Thriller
3475|Comedy
3484|Thriller
3506|Drama
3625|Drama
3675|Comedy
3914|Thriller
3920|Comedy
3982|Thriller
4039|Comedy
4080|Thriller
4089|Drama
4227|Comedy
4259|Drama
4283|Drama
4293|Comedy
4445|Drama
4476|Comedy
4499|Comedy
4525|Comedy
4544|Comedy
4705|Drama
4829|Drama
4969|Comedy
5007|Comedy
5021|Action
5053|Thriller
5286|Comedy
5337|Children
5384|Drama
5399|Drama
5401|Drama
5407|Thriller
5499|Comedy
5732|Comedy
5746|Comedy
5757|Drama
5819|Sci-Fi
5874|Thriller
5982|Thriller
5992|Thriller
6078|Comedy
6101|Drama
6192|Comedy
6229|Comedy
6238|Drama
6267|Comedy
6314|Action
6341|Comedy
6356|Action
6411|Comedy
6696|Comedy
6718|Comedy
6725|Drama
6756|Action
6767|Crime
6823|Comedy
6903|Comedy
6952|Comedy
6953|Thriller
7024|Comedy
415|Thriller
547|Drama
884|Thriller
993|Action
1256|Drama
1605|Action
3729|Thriller
4943|Thriller
5414|Action
5947|Comedy
6959|Action
239|Drama
933|Drama
940|Drama
978|Drama
1085|Thriller
1161|Comedy
1209|Drama
1472|Drama
1495|Crime
1839|Drama
1863|Drama
1918|Comedy
2063|Comedy
2143|Thriller
2159|Thriller
2191|Comedy
2289|Drama
2504|Thriller
2927|Thriller
3075|Thriller
3090|Comedy
3185|Thriller
3192|Drama
3485|Drama
3559|Action
3692|Comedy
4118|Thriller
4380|Drama
4413|Action
4432|Drama
4695|Drama
4725|Thriller
4728|Drama
4890|Thriller
5008|Comedy
5061|Drama
5090|Drama
5151|Drama
5311|Thriller
5342|Comedy
5389|Drama
5410|Crime
5656|Comedy
5806|Comedy
5858|Drama
6246|Drama
6346|Thriller
6395|Drama
6737|Thriller
6757|Comedy
6940|Comedy
7043|Thriller
59|Drama
83|Drama
473|Drama
492|Thriller
691|Drama
1149|Thriller
1204|Thriller
1267|Drama
1389|Horror
1408|Drama
1851|Drama
2126|Thriller
2753|Drama
3000|Drama
3647|Drama
3958|Drama
4136|Drama
4170|Drama
4174|Drama
4193|Drama
4209|Thriller
4305|Drama
4599|Drama
4613|Drama
5194|Drama
5443|Drama
5544|Drama
5584|Drama
5637|Drama
5868|Comedy
5996|Drama
6048|Thriller
6073|Action
6189|Thriller
6207|Thriller
6331|Drama
6442|Thriller
6626|Drama
6914|Drama
4618|Thriller
237|Action
338|Comedy
467|Drama
554|Thriller
865|Drama
916|Drama
981|Drama
1125|Adventure
1258|Drama
1364|Comedy
1465|Drama
1506|Drama
1665|Sci-Fi
1701|Action
1706|Sci-Fi
1818|Drama
2113|Comedy
2157|Sci-Fi
2245|Action
2373|Drama
2508|Drama
2848|Sci-Fi
2873|Sci-Fi
3152|Drama
3354|Drama
3380|Drama
3399|Drama
3481|Drama
3493|Drama
3915|Drama
3952|Sci-Fi
4054|Drama
4200|Drama
4253|Drama
4272|Comedy
4366|Drama
4378|Sci-Fi
4517|Comedy
4724|Drama
4736|Drama
5129|Drama
5289|Drama
5581|Drama
6163|Drama
6212|Sci-Fi
6400|Comedy
6529|Drama
6687|Drama
6927|Sci-Fi
6990|Sci-Fi
247|Drama
342|Drama
399|Drama
621|Drama
633|Drama
747|Drama
1049|Drama
1427|Drama
1556|Drama
1776|Drama
1896|Drama
1976|Drama
2089|Drama
2542|Drama
2571|Drama
3244|Drama
3284|Drama
3324|Drama
3515|Drama
3632|Drama
4244|Romance
4327|Drama
4701|Drama
4863|Drama
4899|Drama
4974|Drama
5049|Drama
5124|Drama
5210|Drama
5291|Drama
5325|Drama
5363|Drama
5532|Drama
5580|Comedy
5640|Drama
6024|Romance
6027|Comedy
6129|Thriller
6143|Drama
6210|Drama
6264|Drama
6365|Thriller
6426|Romance
6768|Drama
34|Drama
5076|Drama
2573|Comedy
385|Drama
3669|Drama
5625|Drama
5636|Comedy
5941|Drama
6197|Drama
6478|Drama
6545|Drama
6605|Comedy
39|Drama
76|Drama
189|Drama
203|Sci-Fi
410|Drama
454|Sci-Fi
612|Drama
701|Drama
721|Sci-Fi
908|Adventure
954|Drama
1000|Drama
1201|Drama
1212|Adventure
1269|Drama
1571|Thriller
1588|Comedy
1760|Action
1888|Drama
2027|Drama
2085|Drama
2131|Adventure
2141|Drama
2244|Drama
2309|Thriller
2395|Adventure
2537|Drama
2597|Sci-Fi
2825|Drama
2991|Adventure
3008|Comedy
3039|Adventure
3064|Drama
3087|Drama
3246|Sci-Fi
3305|Adventure
3469|Drama
3635|Drama
3766|Drama
3789|Drama
3873|Drama
4040|Drama
4042|Sci-Fi
4043|Sci-Fi
4154|Adventure
4300|Drama
4365|Sci-Fi
4437|Drama
4490|Drama
4530|Drama
4756|Drama
4799|Drama
5297|Thriller
5510|Adventure
5569|Drama
5624|Drama
5938|Drama
5945|Drama
5961|Drama
6043|Sci-Fi
6480|Drama
6537|Drama
6611|Sci-Fi
6695|Drama
6774|Drama
6860|Thriller
6865|Drama
6925|Drama
6972|Drama
7022|Sci-Fi
24|Drama
223|Comedy
290|Comedy
852|Drama
1051|Drama
1231|Drama
1296|Drama
1725|Drama
2633|Thriller
2886|Drama
3022|Drama
3228|Drama
3356|Drama
3413|Drama
3639|Comedy
3719|Drama
3848|Drama
3857|Drama
4119|Drama
4278|Drama
4357|Drama
4745|Drama
4797|Drama
4995|Drama
5028|Action
5044|Action
5073|Drama
5261|Drama
5336|Drama
5382|Drama
5487|Crime
5589|Drama
6182|Drama
6262|Comedy
6433|Drama
6572|Thriller
6708|Drama
6899|Drama
28|Sci-Fi
37|Thriller
40|Drama
84|Drama
144|Drama
151|Sci-Fi
196|Thriller
202|Thriller
208|Thriller
245|Thriller
281|Drama
320|Comedy
334|Drama
375|Sci-Fi
391|Thriller
397|Thriller
408|Comedy
441|Drama
456|Thriller
460|Thriller
490|Drama
542|Mystery
604|Thriller
622|Drama
642|Thriller
655|Thriller
661|Comedy
713|Thriller
735|Thriller
780|Thriller
790|Crime
812|Thriller
890|Thriller
961|Drama
975|Drama
1011|Drama
1066|Thriller
1093|Action
1097|Drama
1152|Sci-Fi
1190|Drama
1224|Thriller
1314|Thriller
1316|Thriller
1443|Thriller
1504|Comedy
1507|Comedy
1547|Sci-Fi
1554|Thriller
1576|Sci-Fi
1584|Comedy
1594|Drama
1608|Sci-Fi
1618|Drama
1620|Drama
1641|Sci-Fi
1647|Thriller
1697|Thriller
1761|Thriller
1773|Drama
1786|Drama
1787|Action
1811|Thriller
1835|Mystery
1836|Drama
1897|Thriller
1965|Thriller
1990|Drama
2001|Thriller
2005|Thriller
2031|Action
2133|Sci-Fi
2184|Thriller
2189|Action
2240|Drama
2248|Drama
2302|Thriller
2311|Drama
2312|Action
2339|Thriller
2355|Sci-Fi
2427|Crime
2442|Drama
2502|Thriller
2596|Thriller
2605|Drama
2626|Drama
2665|Thriller
2702|Thriller
2708|Mystery
2725|Drama
2802|Thriller
2816|Thriller
2828|Thriller
2833|Thriller
2918|Crime
2935|Drama
2961|Thriller
2967|Comedy
2971|Thriller
3005|Thriller
3034|Comedy
3058|Sci-Fi
3085|Thriller
3088|Thriller
3163|Comedy
3177|Drama
3216|Thriller
3240|Sci-Fi
3316|Thriller
3319|Sci-Fi
3336|Thriller
3340|Thriller
3371|Drama
3402|Crime
3409|Drama
3432|Drama
3449|Drama
3513|Thriller
3514|Sci-Fi
3546|Thriller
3577|Thriller
3598|Thriller
3678|Sci-Fi
3802|Drama
3818|Drama
3822|Drama
3839|Drama
3853|Thriller
3882|Drama
3899|Thriller
3928|Thriller
3961|Thriller
3964|Drama
3978|Thriller
3996|Sci-Fi
3999|Drama
4037|Drama
4048|Crime
4082|Drama
4113|Thriller
4117|Drama
4150|Sci-Fi
4160|Drama
4182|Action
4320|Thriller
4337|Thriller
4407|Thriller
4451|Thriller
4486|Sci-Fi
4538|Action
4542|Sci-Fi
4546|Thriller
4576|Thriller
4607|Thriller
4634|Thriller
4644|Thriller
4653|Thriller
4700|Thriller
4713|Thriller
4788|Drama
4790|Thriller
4888|Sci-Fi
4935|Comedy
4988|Thriller
5058|Thriller
5102|Mystery
5122|Drama
5142|Sci-Fi
5174|Thriller
5197|Comedy
5226|Drama
5241|Sci-Fi
5301|Drama
5341|Crime
5396|Thriller
5409|Thriller
5431|Sci-Fi
5453|Mystery
5488|Sci-Fi
5508|Thriller
5516|Sci-Fi
5562|Crime
5599|Drama
5663|Thriller
5681|Thriller
5687|Sci-Fi
5698|Action
5716|Thriller
5769|Thriller
5808|Drama
5846|Thriller
5917|Crime
5922|Thriller
5953|Drama
5984|Drama
5985|Drama
5986|Drama
5987|Drama
5988|Thriller
6052|Action
6158|Thriller
6208|Thriller
6249|Crime
6253|Thriller
6291|Sci-Fi
6336|Drama
6360|Sci-Fi
6387|Sci-Fi
6412|Comedy
6418|Thriller
6474|Drama
6520|Comedy
6527|Drama
6565|Drama
6602|Thriller
6642|Sci-Fi
6698|Sci-Fi
6733|Thriller
6772|Drama
6806|Comedy
6841|Sci-Fi
6844|Sci-Fi
6845|Comedy
6866|Drama
6868|Thriller
6895|Thriller
6906|Thriller
6957|Mystery
7025|Thriller
121|Drama
159|Comedy
356|Drama
669|Drama
1077|Drama
1119|Drama
1124|Drama
1221|Comedy
1315|Children
1383|Drama
1431|Drama
1451|Drama
1903|Drama
1917|Drama
1954|Children
2160|Thriller
2214|Drama
2241|Drama
2318|Action
2343|Drama
2484|Children
2557|Drama
2634|Comedy
2684|Drama
2796|Drama
2992|Drama
2994|Drama
3067|Drama
3168|Action
3189|Comedy
3293|Drama
3317|Children
3349|Drama
3638|Drama
4058|Drama
4069|Action
4075|Drama
4198|Drama
4339|Thriller
4343|Drama
4464|Drama
4551|Drama
4633|Romance
4654|Drama
4744|Drama
4789|Action
4963|Thriller
4966|Comedy
5010|Action
5046|Comedy
5294|Comedy
5357|Comedy
5429|Drama
5542|Drama
5662|Drama
5791|Drama
5926|Drama
5954|Drama
6054|Drama
6126|Drama
6169|Drama
6388|Drama
6410|Drama
6980|Thriller
7026|Action
530|Drama
1070|Comedy
193|Drama
294|Drama
953|Drama
1018|Action
1466|Drama
1471|Drama
1516|Drama
2452|Drama
2812|Drama
2842|Drama
2944|Drama
3289|Drama
3310|Drama
3471|Drama
3795|Drama
4027|Drama
4041|Thriller
4141|Drama
4290|Drama
4826|Drama
5140|Drama
5944|Drama
6544|Drama
6608|Drama
6960|Thriller
3922|Comedy
78|Comedy
79|Comedy
841|Romance
868|Thriller
1115|Drama
1598|Animation
1734|Comedy
2111|Romance
2258|Comedy
2458|Romance
2461|Romance
2530|Comedy
2559|Comedy
2589|Comedy
2609|Comedy
2693|Thriller
2999|Drama
3282|Drama
3286|Drama
3580|Children
3662|Comedy
3792|Drama
4120|Comedy
4341|Comedy
4471|Comedy
4500|Comedy
4619|Comedy
4664|Comedy
4917|Drama
4979|Romance
4994|Comedy
5432|Romance
5490|Comedy
5673|Drama
5695|Comedy
5709|Comedy
5809|Comedy
5952|Comedy
6110|Comedy
6284|Drama
6345|Comedy
6716|Comedy
6776|Drama
157|Drama
586|Drama
1349|Drama
1834|Drama
2059|Drama
2553|Drama
4740|Drama
6591|Drama
1023|Drama
632|Comedy
660|Adventure
1111|Action
1373|Thriller
2119|Adventure
2203|Adventure
3527|Drama
3666|Comedy
3966|Crime
4018|Comedy
4251|Horror
4309|Comedy
4314|Action
5444|Adventure
5586|Action
5654|Drama
6487|Action
6673|Crime
6762|Comedy
6998|Drama
389|Drama
1491|Thriller
1733|Drama
2439|Drama
4186|Drama
5094|Comedy
5518|Drama
6584|Drama
6624|Comedy
6628|Comedy
38|Drama
42|Thriller
92|Drama
99|Drama
101|Drama
108|Mystery
113|Drama
128|Mystery
204|Crime
207|Drama
220|Thriller
326|Thriller
376|Thriller
378|Comedy
478|Drama
491|Drama
546|Thriller
550|Thriller
557|Thriller
571|Drama
596|Thriller
619|Thriller
657|Comedy
710|Drama
725|Thriller
729|Thriller
730|Mystery
753|Thriller
783|Thriller
792|Adventure
824|Drama
973|Thriller
1019|Crime
1021|Thriller
1039|Mystery
1043|Drama
1060|Comedy
1068|Drama
1135|Drama
1162|Crime
1165|Drama
1181|Drama
1194|Drama
1217|Thriller
1218|Drama
1252|Action
1350|Drama
1380|Drama
1417|Mystery
1432|Crime
1440|Crime
1562|Drama
1590|Thriller
1596|Drama
1668|Thriller
1674|Drama
1682|Drama
1726|Comedy
1735|Drama
1764|Comedy
1800|Drama
1816|Drama
1828|Thriller
1848|Crime
1876|Thriller
1943|Thriller
1945|Drama
1960|Drama
1983|Drama
2017|Thriller
2057|Crime
2066|Drama
2124|Thriller
2146|Drama
2175|Thriller
2212|Thriller
2273|Animation
2276|Drama
2290|Drama
2299|Action
2306|Thriller
2435|Crime
2437|Drama
2519|Thriller
2532|Thriller
2567|Drama
2578|Thriller
2600|Mystery
2613|Mystery
2617|Drama
2623|Crime
2624|Drama
2648|Drama
2678|Drama
2699|Thriller
2743|Drama
2826|Thriller
2875|Comedy
2979|Thriller
3020|Drama
3060|Drama
3065|Thriller
3072|Drama
3117|Thriller
3134|Comedy
3165|Drama
3196|Drama
3235|Drama
3237|Drama
3242|Crime
3303|Mystery
3312|Thriller
3365|Drama
3385|Crime
3388|Drama
3427|Drama
3538|Thriller
3547|Thriller
3590|Drama
3681|Thriller
3725|Drama
3737|Drama
3741|Drama
3750|Drama
3753|Comedy
3771|Thriller
3855|Thriller
3898|Drama
3903|Drama
3955|Thriller
4046|Drama
4070|Drama
4142|Drama
4228|Thriller
4262|Thriller
4307|Thriller
4342|Drama
4384|Drama
4398|Mystery
4485|Action
4588|Drama
4614|Thriller
4630|Crime
4652|Thriller
4657|Thriller
4673|Thriller
4677|Mystery
4688|Thriller
4735|Thriller
4810|Crime
4837|Thriller
4845|Drama
4907|Drama
5002|Drama
5085|Drama
5123|Comedy
5231|Thriller
5243|Comedy
5262|Thriller
5271|Drama
5360|Drama
5375|Drama
5422|Drama
5428|Thriller
5485|Drama
5506|Drama
5509|Drama
5522|Thriller
5545|Thriller
5595|Drama
5665|Thriller
5786|Drama
5788|Thriller
5801|Action
5866|Crime
5873|Drama
5995|Drama
6074|Mystery
6075|Drama
6125|Drama
6193|Action
6198|Drama
6250|Romance
6286|Crime
6307|Drama
6352|Thriller
6369|Thriller
6375|Drama
6437|Drama
6461|Comedy
6484|Drama
6564|Drama
6585|Sci-Fi
6622|Drama
6647|Drama
6651|Drama
6704|Drama
6713|Drama
6726|Thriller
6777|Thriller
6781|Comedy
6795|Drama
6854|Drama
6901|Mystery
6922|Drama
6951|Thriller
6976|Thriller
6987|Thriller
6999|Drama
7018|Drama
903|Drama
1031|Romance
1462|Drama
1542|Romance
1656|Drama
1658|Romance
1660|Drama
1895|Romance
2065|Comedy
2371|Action
2563|Comedy
2574|Action
2643|Comedy
3126|Drama
3320|Drama
3342|Drama
3451|Comedy
3821|Drama
3878|Drama
4171|Drama
4409|Musical
4426|Animation
5089|Drama
5386|Drama
5566|Drama
5797|Romance
5856|Action
6010|Children
6144|Romance
6340|Romance
6415|Drama
6459|Children
6614|Drama
6809|Romance
6886|Drama
6994|Action
14|Crime
33|Drama
62|Crime
71|Drama
81|Crime
170|Crime
192|Drama
194|Children
195|Crime
209|Thriller
238|Comedy
241|Drama
246|Comedy
253|Drama
266|Crime
273|Drama
274|Drama
305|Drama
337|Drama
348|Thriller
401|Crime
503|Crime
517|Thriller
529|Drama
577|Comedy
579|Crime
602|Crime
679|Thriller
737|Drama
739|Drama
784|Drama
806|Drama
808|Crime
825|Crime
831|Drama
843|Drama
883|Thriller
887|Crime
928|Drama
932|Action
952|Thriller
965|Drama
987|Drama
989|Crime
990|Drama
1087|Drama
1090|Drama
1098|Crime
1130|Crime
1148|Crime
1154|Drama
1170|Thriller
1191|Crime
1202|Drama
1235|Drama
1246|Adventure
1276|Crime
1288|Adventure
1363|Crime
1377|Crime
1424|Crime
1473|Action
1501|Crime
1518|Crime
1538|Thriller
1587|Crime
1621|Crime
1649|Thriller
1650|Drama
1664|Drama
1669|Drama
1683|Crime
1715|Drama
1736|Comedy
1747|Drama
1815|Comedy
1859|Crime
1868|Crime
1912|Thriller
1951|Crime
1967|Comedy
1980|Drama
1984|Crime
1988|Crime
1992|Drama
1994|Drama
2015|Crime
2049|Crime
2060|Comedy
2061|Crime
2088|Drama
2117|Thriller
2147|Drama
2148|Drama
2163|Thriller
2180|Thriller
2182|Crime
2196|Drama
2220|Thriller
2237|Drama
2254|Drama
2257|Drama
2264|Thriller
2285|Crime
2293|Crime
2320|Crime
2354|Crime
2360|Comedy
2392|Drama
2399|Crime
2423|Crime
2459|Crime
2471|Crime
2503|Romance
2505|Drama
2512|Crime
2518|Drama
2549|Comedy
2560|Crime
2568|Drama
2570|Action
2602|Drama
2608|Drama
2659|Drama
2667|Comedy
2676|Thriller
2680|Crime
2689|Crime
2717|Drama
2800|Crime
2815|Crime
2823|Crime
2849|Drama
2891|Crime
2919|Thriller
2931|Action
2941|Crime
2943|Crime
2956|Drama
3003|Drama
3006|Thriller
3011|Drama
3037|Drama
3054|Drama
3071|Crime
3079|Crime
3081|Thriller
3084|Crime
3110|Children
3140|Thriller
3153|Thriller
3167|Drama
3179|Drama
3200|Comedy
3202|Crime
3215|Comedy
3217|Crime
3251|Thriller
3269|Crime
3332|Crime
3430|Crime
3458|Crime
3459|Crime
3498|Thriller
3519|Crime
3549|Mystery
3552|Drama
3582|Comedy
3584|Crime
3608|Crime
3610|Drama
3652|Crime
3688|Crime
3706|Comedy
3721|Drama
3751|Crime
3767|Crime
3785|Crime
3826|Thriller
3844|Crime
3864|Drama
3940|Drama
3967|Crime
3981|Comedy
3984|Thriller
4022|Drama
4049|Crime
4077|Thriller
4099|Crime
4104|Thriller
4114|Drama
4130|Thriller
4146|Crime
4151|Drama
4199|Crime
4207|Action
4208|Thriller
4225|Crime
4285|Thriller
4287|Drama
4291|Drama
4306|Crime
4344|Drama
4351|Crime
4356|Drama
4382|Crime
4408|Drama
4460|Thriller
4461|Crime
4504|Crime
4506|Drama
4508|Crime
4536|Drama
4560|Drama
4566|Drama
4626|Thriller
4692|Crime
4712|Crime
4732|Action
4734|Crime
4850|Crime
4852|Drama
4865|Drama
4892|Drama
4908|Drama
4923|Comedy
4934|Mystery
4941|Crime
4945|Drama
5009|Drama
5029|Drama
5093|Crime
5106|Drama
5163|Comedy
5175|Drama
5199|Mystery
5207|Drama
5216|Drama
5235|Crime
5257|Drama
5293|Crime
5319|Drama
5331|Thriller
5344|Crime
5355|Crime
5358|Crime
5387|Crime
5416|Thriller
5435|Drama
5471|Drama
5474|Crime
5502|Crime
5504|Drama
5528|Comedy
5540|Drama
5547|Crime
5632|Drama
5653|Drama
5674|Thriller
5686|Crime
5740|Crime
5750|Crime
5766|Crime
5777|Comedy
5778|Crime
5795|Crime
5833|Action
5840|Action
5851|Crime
5895|Crime
6023|Crime
6028|Drama
6030|Drama
6071|Action
6080|Crime
6084|Crime
6095|Crime
6108|Crime
6165|Action
6177|Drama
6222|Crime
6240|Drama
6241|Crime
6275|Drama
6277|Crime
6378|Thriller
6379|Crime
6385|Drama
6401|Drama
6428|Crime
6436|Crime
6458|Crime
6486|Thriller
6569|Thriller
6625|Crime
6632|Crime
6663|Crime
6739|Drama
6742|Drama
6746|Thriller
6754|Drama
6758|Drama
6769|Thriller
6780|Crime
6837|Thriller
6877|Thriller
6887|Drama
6900|Drama
6910|Crime
6946|Drama
7001|Thriller
7034|Crime
7037|Drama
816|Comedy
1047|Comedy
3377|Comedy
4875|Comedy
6383|Comedy
299|Comedy
717|Drama
921|Comedy
1127|Drama
1341|Comedy
1630|Drama
2893|Action
4073|Drama
4258|Comedy
4462|Drama
4878|Thriller
5025|Drama
6132|Comedy
6300|Drama
6321|Drama
6350|Comedy
6819|Drama
476|Children
885|Adventure
1282|Comedy
1629|Adventure
1821|Children
2235|Horror
2303|Adventure
2386|Comedy
3301|Drama
3426|Adventure
3691|Drama
4091|Adventure
4184|Adventure
4294|Comedy
4564|Children
5461|Adventure
5700|Fantasy
5888|Comedy
5933|Comedy
6851|Children
306|Drama
1158|Drama
1648|Drama
1858|Drama
2300|Drama
2610|Drama
2910|Drama
3731|Drama
5117|Drama
5456|Drama
6235|Drama
560|Action
1941|Crime
4311|Comedy
4610|Comedy
4751|Crime
5380|Comedy
1577|Comedy
2167|Drama
2387|Action
2511|Drama
3119|Comedy
3313|Comedy
3907|Drama
4292|Animation
4928|Comedy
5539|Comedy
5711|Comedy
5843|Sci-Fi
6559|Drama
2928|Comedy
3387|Thriller
29|Comedy
2156|Comedy
2784|Drama
3136|Comedy
3823|Comedy
4084|Comedy
5206|Comedy
5901|Drama
6069|Comedy
6935|Action
248|Action
276|Drama
1878|Action
2056|Action
2099|Comedy
2169|Action
2198|Thriller
2280|Horror
2751|Comedy
2844|Horror
2877|Horror
2939|Horror
2997|Action
3890|Action
4140|Thriller
4195|Comedy
4265|Comedy
4363|Action
4415|Crime
4513|Action
4940|Horror
55|Drama
225|Drama
2135|Drama
2181|Musical
3294|Drama
5620|Comedy
5628|Drama
5643|Drama
1667|Drama
504|Action
4641|Drama
2548|Drama
4948|Drama
1771|Crime
4662|Drama
45|Drama
2183|Drama
6453|Drama
308|Drama
719|Drama
1423|Action
2018|Adventure
2579|Action
2706|Action
5042|Thriller
5816|Adventure
1302|Comedy
1846|Drama
3606|Drama
4143|Comedy
5434|Comedy
5737|Comedy
1195|Action
1017|Comedy
1916|Drama
2319|Drama
4550|Drama
4577|Comedy
1627|Action
3613|Thriller
3953|Action
4872|Drama
115|Drama
5421|Documentary
1354|Comedy
1705|Adventure
2664|Crime
3883|Comedy
6121|Comedy
6137|Crime
4396|Drama
6003|Crime
307|Drama
1186|Action
1250|Comedy
3097|Comedy
3763|Comedy
4448|Action
4509|Comedy
5309|Comedy
5430|Drama
5672|Drama
5965|Drama
6649|Comedy
6750|Comedy
6918|Comedy
7044|Comedy
46|Drama
974|Musical
977|Drama
1580|Comedy
2622|Adventure
2884|Drama
2890|Drama
3157|Drama
3461|Romance
3674|Drama
4584|Drama
4818|Drama
5062|Drama
5066|Drama
5292|Drama
5957|Drama
6231|Drama
6643|Drama
138|Comedy
536|Comedy
1522|Drama
2510|Adventure
2822|Drama
3211|Adventure
3718|Drama
4416|Children
4723|Comedy
5365|Adventure
5439|Drama
5876|Children
5894|Children
6057|Children
6654|Adventure
15|Comedy
27|Drama
172|Drama
184|Action
234|Drama
254|Drama
316|Action
347|Drama
377|Action
382|Drama
488|Drama
499|Drama
563|Children
595|Action
614|Drama
618|Action
662|Action
758|Drama
810|Drama
829|Action
880|Drama
929|Drama
996|War
1207|Adventure
1226|Drama
1251|Drama
1287|Drama
1299|Drama
1332|Drama
1412|Drama
1415|Action
1439|Drama
1455|Drama
1461|Drama
1505|Drama
1531|Action
1671|Drama
1737|Action
1782|Drama
1794|Drama
1798|Drama
1817|Drama
1856|Thriller
1860|Drama
1880|Action
1890|Action
1926|Drama
2029|Drama
2123|Thriller
2216|Drama
2249|Drama
2267|Thriller
2295|Action
2313|Action
2394|Action
2396|Drama
2411|Drama
2417|Action
2447|Action
2489|Action
2599|Drama
2656|Drama
2721|Drama
2749|Thriller
2755|Action
2761|Action
2779|Action
2814|Action
2882|Action
2892|Drama
2896|Action
2902|Action
2908|Drama
2929|Action
2936|Sci-Fi
2993|Drama
3044|Drama
3076|Action
3139|Action
3198|Thriller
3209|Action
3265|Action
3321|Action
3330|Drama
3357|Drama
3378|Drama
3499|Drama
3501|Drama
3555|Drama
3645|Drama
3698|Drama
3764|Thriller
3788|Drama
3793|Drama
3863|Drama
3894|Drama
3896|Drama
3926|Action
3945|Drama
3949|Drama
3991|Romance
3994|Action
4007|Thriller
4108|Sci-Fi
4190|Drama
4192|Drama
4404|Drama
4555|Action
4557|Action
4578|Drama
4617|Action
4624|Action
4656|Action
4666|Action
4715|War
4766|Drama
4812|Drama
4814|Drama
4855|Action
4913|Action
4914|Action
5096|Adventure
5120|Action
5138|Drama
5212|Action
5220|Drama
5228|Drama
5236|Drama
5279|Drama
5480|Drama
5484|Thriller
5527|Drama
5555|Drama
5560|Action
5563|Drama
5612|Action
5616|Drama
5683|Drama
5849|Action
5937|Action
5951|Drama
6111|Drama
6117|Thriller
6124|Drama
6150|Drama
6209|Drama
6220|Drama
6287|Drama
6293|Drama
6323|Action
6438|Drama
6457|Comedy
6463|Action
6488|Action
6521|Drama
6539|Comedy
6562|Drama
6601|Action
6606|Drama
6639|Drama
6676|Drama
6730|Drama
6741|Drama
6749|Drama
6818|Drama
6902|Drama
6955|Drama
7019|Drama
68|Crime
346|Crime
500|Drama
562|Drama
963|Romance
1073|Drama
1080|Comedy
1174|Drama
1447|Drama
1489|Drama
1493|Drama
1534|Drama
1566|Drama
1651|Drama
1723|Action
1756|Drama
1966|Drama
2138|Drama
2321|Drama
2497|Drama
2546|Drama
2746|Drama
2889|Comedy
3096|Drama
3141|Sci-Fi
3193|Drama
3201|Sci-Fi
3306|Comedy
3361|Drama
3405|Drama
3416|Drama
3496|Crime
3700|Crime
4055|Thriller
4112|Drama
4155|Drama
4178|Drama
4288|Thriller
4318|Thriller
4434|Drama
4518|Drama
4541|Drama
4809|Drama
4903|Drama
4955|Drama
5218|Thriller
5442|Crime
5492|Thriller
5583|Crime
6049|Thriller
6088|Drama
6242|Crime
6327|Drama
6475|Crime
6596|Crime
6644|Crime
6685|Thriller
6882|Crime
6939|Drama
629|Adventure
1712|Comedy
2239|Romance
2486|Action
3051|Drama
3979|Mystery
2208|Drama
2528|Romance
3634|Drama
3869|Drama
4273|Drama
5433|Drama
6317|Drama
813|Comedy
3489|Comedy
2197|Adventure
3199|Drama
4303|Adventure
5907|Adventure
1517|Comedy
4895|Comedy
6004|Comedy
6566|Comedy
759|Drama
2162|Drama
699|Comedy
742|Drama
827|Drama
1128|Drama
1763|Thriller
2759|Drama
3104|Comedy
3334|Comedy
3617|Thriller
3762|Crime
4267|Crime
4916|Comedy
5185|Action
5295|Action
5925|Action
6097|Comedy
6891|Action
465|Drama
479|Comedy
2698|Drama
2786|Drama
3457|Comedy
3510|Comedy
7021|Drama
1783|Crime
22|Adventure
87|Adventure
150|Drama
555|Drama
615|Drama
744|Drama
763|Drama
1400|Drama
1410|Thriller
1419|Drama
1530|Drama
1640|Thriller
2195|Drama
2227|Drama
2352|Comedy
2584|Drama
2736|Adventure
2839|Thriller
3017|Thriller
3203|Action
3663|Thriller
3942|Drama
3947|Thriller
4249|Adventure
4289|Drama
4475|Drama
4507|Drama
4667|Adventure
4791|Adventure
4991|Drama
5332|Comedy
5596|Drama
5641|Comedy
5886|Drama
5935|Adventure
6046|Drama
6133|Thriller
6265|Adventure
6464|Action
6734|Thriller
6921|Action
6926|Drama
1927|Drama
3138|Drama
4295|Action
403|Crime
1063|Comedy
4987|Drama
5664|Action
7005|Drama
7031|Drama
689|Drama
1037|Romance
1249|Drama
3931|Drama
5869|Drama
6171|Comedy
1105|Adventure
1326|Action
3325|Adventure
3431|Children
4381|Children
5160|Adventure
5871|Romance
6032|Comedy
6794|Romance
4597|Comedy
5011|Action
6|Drama
980|Drama
2507|Drama
2975|Drama
6056|Thriller
6380|Action
855|Thriller
3172|Drama
3579|Documentary
6201|Drama
149|Action
682|Action
684|Action
1145|Action
1353|Drama
2641|Drama
2757|Action
2904|Action
3118|Romance
3433|Action
4217|Drama
4685|Drama
5587|Action
6320|Comedy
6396|Action
1964|Film-Noir
5949|Thriller
218|Action
335|Action
1514|Action
2462|Action
2606|Thriller
4681|Crime
5751|Action
5761|Romance
2730|Comedy
2221|Romance
2696|Romance
2868|Drama
3962|Drama
4877|Drama
6045|Romance
271|Drama
878|Drama
1227|Drama
2351|Drama
3023|Drama
451|Action
1611|Crime
3364|Drama
4880|Comedy
5561|Action
327|Thriller
1841|Comedy
4452|Sci-Fi
4954|Drama
5825|Thriller
6263|Sci-Fi
6466|Drama
448|Sci-Fi
1155|Sci-Fi
2252|Action
2712|Action
3130|Drama
3495|Sci-Fi
6022|Crime
3183|Drama
4002|Drama
4672|Comedy
5697|Comedy
6933|Drama
264|Comedy
1294|Romance
1460|Comedy
3881|Comedy
2863|Children
2880|Action
4747|Children
212|Action
2348|Drama
3454|Comedy
716|Comedy
1045|Comedy
3220|Comedy
5130|Comedy
6834|Drama
651|Drama
991|Drama
2070|Drama
3019|Drama
6820|Drama
332|Comedy
2272|Comedy
4134|Drama
4947|Drama
3633|Thriller
5100|Drama
4714|Comedy
4912|Thriller
6748|Action
496|Drama
2042|Comedy
4128|Drama
4720|Drama
5162|Comedy
1784|Drama
1793|Action
3535|Action
5671|Drama
317|Drama
656|Drama
879|Adventure
2041|Action
3343|Action
3998|Drama
4942|Action
5521|Romance
6347|Adventure
6490|Action
2526|Drama
4417|Drama
91|Drama
361|Drama
681|Drama
826|Drama
1490|Romance
1861|Drama
4514|Drama
5515|Drama
1388|Comedy
1937|Comedy
3744|Comedy
5752|Comedy
4469|Thriller
178|Drama
263|Comedy
493|Drama
534|Comedy
659|Comedy
2168|Comedy
3476|Comedy
4849|Comedy
4951|Drama
5776|Comedy
5830|Comedy
6034|Comedy
6397|Comedy
6595|Comedy
1081|Children
2268|Drama
3816|Thriller
6904|Drama
423|Comedy
487|Comedy
1509|Adventure
2440|Adventure
2876|Comedy
5682|Drama
5708|Comedy
6186|Comedy
6367|Adventure
1713|Comedy
6930|Comedy
507|Thriller
5726|Drama
873|Drama
1434|Comedy
5998|Comedy
3383|Comedy
4881|Comedy
1426|Comedy
1802|Comedy
4527|Romance
3262|Crime
6269|Comedy
7032|Documentary
538|Drama
2513|Drama
2804|Drama
3106|Drama
3345|Musical
5609|Children
1211|Comedy
3195|Comedy
3205|Comedy
5186|Comedy
1981|Comedy
2283|Drama
3280|Drama
3671|Drama
4503|Drama
4971|Drama
5379|Horror
6417|Drama
6943|Animation
1850|Comedy
4188|Comedy
3713|Crime
21|Action
44|Action
154|Action
182|Action
252|Action
260|Drama
275|Action
300|Action
419|Action
432|Action
470|Drama
486|Action
509|Sci-Fi
558|Drama
569|Drama
635|Drama
698|Action
711|Drama
743|Comedy
777|Comedy
800|Adventure
804|Action
819|Crime
913|Drama
923|Crime
936|Crime
943|Drama
946|Crime
988|Action
1006|Drama
1035|Sci-Fi
1055|Drama
1056|Action
1074|Comedy
1086|Thriller
1151|Comedy
1172|Action
1266|Action
1348|Drama
1357|Action
1375|Action
1511|Drama
1545|Action
1550|Comedy
1568|Action
1591|Action
1694|Action
1700|Action
1728|Drama
1804|Drama
1830|Drama
1879|Sci-Fi
1882|Action
1885|Crime
1971|Crime
1993|Drama
2016|Action
2037|Drama
2050|Drama
2052|Action
2074|Drama
2078|Action
2083|Action
2224|Drama
2232|Sci-Fi
2238|Animation
2259|Action
2322|Action
2337|Action
2357|Action
2367|Action
2398|Action
2432|Adventure
2433|Adventure
2470|Drama
2494|Action
2533|Drama
2534|Drama
2580|Drama
2585|Crime
2587|Action
2661|Action
2683|Drama
2764|Action
2835|Action
2837|Sci-Fi
2925|Drama
2930|Crime
2986|Action
3035|Crime
3086|Drama
3149|Drama
3151|Drama
3219|Action
3233|Action
3234|Crime
3254|Action
3291|Adventure
3300|Action
3333|Crime
3359|Action
3395|Adventure
3436|Action
3500|Action
3529|Drama
3570|Adventure
3595|Action
3628|Action
3687|Drama
3697|Action
3708|Drama
3876|Adventure
3902|Drama
3904|Action
3919|Drama
4297|Comedy
4302|Action
4403|Adventure
4406|Crime
4535|Action
4611|Drama
4639|Crime
4648|Action
4708|Action
4716|Crime
4768|Action
4770|Action
4793|Sci-Fi
4817|Drama
4844|Action
4853|Action
4897|Action
4905|Action
4919|Action
4964|Action
5006|Drama
5013|Action
5020|Crime
5022|Action
5047|Crime
5065|Drama
5088|Action
5184|Drama
5190|Crime
5223|Crime
5234|Comedy
5252|Sci-Fi
5280|Action
5287|Comedy
5314|Thriller
5323|Drama
5330|Adventure
5390|Action
5395|Action
5412|Action
5472|Action
5548|Action
5570|Action
5573|Drama
5574|Crime
5617|Sci-Fi
5623|Drama
5631|Action
5648|Action
5767|Action
5793|Action
5831|Drama
5862|Drama
5891|Crime
5911|Drama
5921|Action
5927|Action
5930|Action
5963|Drama
6093|Comedy
6113|Action
6270|Comedy
6304|Thriller
6414|Action
6471|Drama
6523|Action
6581|Action
6617|Drama
6621|Drama
6631|Romance
6650|Crime
6709|Adventure
6775|Drama
6790|Action
6846|Drama
6872|Action
6874|Drama
6890|Drama
6975|Adventure
7008|Action
7038|Sci-Fi
720|Drama
5155|Drama
5356|Drama
5486|Comedy
5649|Drama
6732|Drama
287|Drama
1003|Drama
2278|Children
3565|Children
5657|Children
6202|Children
3465|Romance
146|Drama
4161|Drama
5575|Drama
6641|Western
295|Comedy
336|Comedy
2583|Sci-Fi
3643|Comedy
4621|Comedy
4879|Comedy
5696|Drama
6441|Comedy
2024|Drama
3724|Drama
7009|Drama
11|Drama
603|Drama
2697|Adventure
2742|Adventure
2776|Romance
5579|Drama
1789|Drama
3073|Drama
6105|Thriller
2541|Action
3558|Drama
6332|Crime
5005|Drama
5918|Action
126|Drama
429|Drama
522|Drama
750|Drama
755|Crime
870|Action
1088|Drama
1360|Drama
1808|Crime
2139|Action
2372|Drama
2436|Drama
2949|Action
3618|Action
4068|Drama
4370|Action
4400|Crime
4549|Drama
4674|Drama
5946|Drama
6204|Drama
6322|Drama
6956|Drama
1|Drama
293|Thriller
362|Drama
1054|Drama
1109|Drama
1116|Comedy
1255|Drama
1272|Drama
1285|Crime
1321|Comedy
1673|Crime
1708|Comedy
1893|Comedy
1902|Comedy
1921|Comedy
1932|Crime
1942|Crime
1986|Drama
2030|Comedy
2043|Drama
2338|Comedy
2405|Drama
2628|Drama
2695|Comedy
2773|Drama
2819|Thriller
2911|Drama
2912|Comedy
3059|Comedy
3184|Drama
3455|Drama
3479|Comedy
3566|Comedy
3568|Crime
3611|Crime
3654|Crime
3765|Comedy
3781|Drama
3791|Comedy
3983|Crime
3985|Crime
4000|Drama
4175|Comedy
4218|Drama
4263|Drama
4298|Comedy
4505|Drama
4655|Drama
4746|Drama
4764|Drama
4806|Crime
4842|Drama
4871|Drama
4946|Drama
4985|Comedy
5032|Crime
5067|Crime
5087|Drama
5200|Drama
5310|Crime
5315|Comedy
5381|Drama
5391|Comedy
5500|Comedy
5534|Drama
5633|Crime
5646|Comedy
5678|Drama
5765|Drama
5836|Crime
5877|Crime
5887|Comedy
5892|Thriller
6059|Crime
6081|Drama
6172|Crime
6183|Drama
6289|Crime
6342|Crime
6508|Drama
6526|Thriller
6599|Crime
6646|Drama
6683|Drama
6755|Drama
6804|Drama
6934|Crime
6941|Crime
1750|Drama
1406|Drama
5908|Action
6787|Film-Noir
898|Drama
2945|Drama
2094|Sci-Fi
6041|Comedy
6883|Drama
3837|Drama
4444|Action
3651|Action
5611|Comedy
16|Crime
65|Crime
153|Drama
219|Drama
394|Drama
412|Crime
425|Drama
444|Drama
471|Drama
475|Adventure
510|Crime
556|Drama
814|Crime
867|Drama
874|Crime
1057|Drama
1099|Crime
1108|Drama
1153|Drama
1206|Crime
1372|Drama
1381|Crime
1523|Crime
1813|Crime
1826|Crime
1874|Drama
2096|Crime
2127|Crime
2154|Drama
2178|Crime
2179|Crime
2185|Drama
2209|Crime
2329|Crime
2370|Drama
2647|Drama
2670|Drama
2675|Crime
2705|Drama
2772|Drama
2795|Crime
2846|Drama
2860|Drama
2864|Drama
2907|Drama
2942|Drama
3109|Crime
3122|Crime
3181|Crime
3187|Drama
3277|Drama
3328|Drama
3401|Crime
3422|Crime
3492|Crime
3655|Crime
3694|Drama
3732|Drama
3893|Crime
3987|Crime
4131|Drama
4137|Crime
4157|Drama
4213|Crime
4281|Drama
4315|Crime
4362|Crime
4373|Crime
4591|Crime
4757|Drama
4862|Drama
4920|Drama
5143|Drama
5171|Drama
5249|Drama
5263|Drama
5313|Drama
5378|Drama
5406|Crime
5459|Crime
5517|Crime
5551|Crime
5592|Drama
5614|Drama
5704|Drama
5718|Action
5794|Crime
5798|Drama
5811|Drama
5827|Drama
5841|Crime
6006|Drama
6082|Drama
6232|Drama
6292|Crime
6329|Crime
6355|Drama
6425|Crime
6431|Romance
6449|Crime
6542|Crime
6627|Crime
6630|Drama
6691|Crime
6835|Drama
6869|Crime
3770|Comedy
1539|Comedy
2899|Comedy
4066|Action
5512|Comedy
2308|Drama
2000|Comedy
164|Drama
5091|Comedy
2478|Comedy
6782|Comedy
1485|Comedy
3435|Comedy
5821|Comedy
3372|Action
485|Thriller
6282|Drama
4109|Comedy
6864|Comedy
63|Comedy
349|Comedy
505|Comedy
584|Comedy
949|Comedy
1008|Children
1059|Comedy
1183|Drama
1376|Drama
1458|Comedy
1615|Thriller
1767|Drama
2087|Drama
2121|Thriller
2193|Musical
2281|Drama
2307|Drama
2506|Drama
2538|Comedy
2724|Drama
2984|Drama
3299|Comedy
3564|Drama
3586|Drama
3761|Comedy
4034|Comedy
4374|Comedy
4706|Comedy
5132|Drama
5354|Comedy
5415|Comedy
5507|Comedy
5582|Drama
5839|Comedy
5924|Comedy
6001|Drama
6005|Comedy
6140|Comedy
6299|Drama
6421|Comedy
6592|Comedy
6850|Crime
2666|Romance
1968|Adventure
4187|Adventure
1741|Horror
3424|Drama
687|Action
2187|Action
3050|Comedy
1901|Adventure
3572|Adventure
4750|Adventure
6151|Comedy
4168|Comedy
6817|Drama
3261|Drama
4856|Comedy
30|Comedy
2485|Action
3230|Romance
4690|Drama
745|Adventure
869|Drama
2336|Action
6635|Action
1248|Comedy
2744|Action
2288|Children
2301|Drama
668|Thriller
5789|Drama
4925|Drama
2477|Drama
4967|Children
1797|Thriller
3210|Thriller
4697|Crime
6136|Action
2963|Comedy
4702|Comedy
3972|Comedy
3658|Drama
2325|Thriller
3524|Thriller
4125|Action
6298|Thriller
6692|Drama
5125|Crime
145|Action
2903|Comedy
4386|Action
3825|Drama
6928|Action
2726|Drama
5668|Drama
53|Drama
289|Drama
667|Drama
2382|Drama
3292|Drama
3318|Drama
3626|Drama
6541|Drama
1719|Drama
2434|Children
1457|Drama
5934|Drama
60|Action
180|Action
639|Action
1464|Action
2792|Sci-Fi
4085|Sci-Fi
5282|Drama
5445|Action
6051|Film-Noir
6191|Action
6798|Crime
4072|Animation
5677|Animation
2205|Romance
6349|Horror
3603|Children
850|Drama
3995|Comedy
3366|Children
6159|Children
1435|Comedy
4876|Romance
6096|Comedy
17|Adventure
2194|Adventure
5749|Action
277|Romance
384|Thriller
1270|Crime
2055|Crime
3101|Crime
3229|Crime
3661|Crime
4443|Crime
4523|Crime
2973|Comedy
6942|Animation
2011|Animation
690|Comedy
5896|Drama
2748|Comedy
3091|Comedy
6399|Children
585|Drama
4870|Animation
6788|Comedy
1623|Adventure
4264|Comedy
3906|Action
3810|Animation
2491|Comedy
6610|Adventure
6547|Comedy
88|Thriller
3969|Action
5559|Mystery
5600|Thriller
5001|Drama
483|Action
3927|Drama
2657|Comedy
5552|Comedy
6315|Comedy
3614|Documentary
5702|Comedy
704|Drama
2611|Adventure
1394|Children
524|Action
3993|Comedy
1100|Drama
1345|Crime
2170|Crime
6060|Crime
6629|Drama
6666|Drama
1933|Drama
2635|Drama
3575|Film-Noir
2824|Adventure
5680|Romance
2384|Musical
2983|Adventure
4025|Adventure
5669|Adventure
6155|Adventure
